	Dates	Weather Metrics by the Hour
0	KAQW on 7/30/1996	"  ||  
12:52 AM

64.9 °F


63.0 °F

93%

30.21 in


9.0 mi

East

6.9 mph


  -

N/A

	 

Scattered Clouds
  ||    ||  
1:52 AM

64.0 °F


63.0 °F

96%

30.20 in


9.0 mi

East

6.9 mph


  -

N/A

	 

Overcast
  ||    ||  
8:52 AM

68.0 °F


60.1 °F

76%

30.20 in


10.0 mi

ENE

9.2 mph


  -

N/A

	 

Scattered Clouds
  ||    ||  
9:52 AM

69.1 °F


60.1 °F

73%

30.20 in


10.0 mi

Variable

6.9 mph


  -

N/A

	 

Mostly Cloudy
  ||    ||  
10:52 AM

69.1 °F


59.0 °F

70%

30.20 in


10.0 mi

East

9.2 mph


  -

N/A

	 

Mostly Cloudy
  ||    ||  
11:52 AM

69.1 °F


57.9 °F

68%

30.19 in


10.0 mi

Variable

4.6 mph


  -

N/A

	 

Scattered Clouds
  ||    ||  
12:52 PM

71.1 °F


57.9 °F

63%

30.18 in


10.0 mi

East

8.1 mph


  -

N/A

	 

Mostly Cloudy
  ||    ||  
1:52 PM

69.1 °F


57.0 °F

65%

30.18 in


10.0 mi

East

6.9 mph


  -

N/A

	 

Overcast
  ||    ||  
2:52 PM

69.1 °F


57.9 °F

68%

30.17 in


10.0 mi

East

6.9 mph


  -

N/A

	 

Overcast
  ||    ||  
3:52 PM

69.1 °F


57.9 °F

68%

30.17 in


10.0 mi

East

6.9 mph


  -

N/A

	 

Overcast
  ||    ||  
4:52 PM

72.0 °F


61.0 °F

68%

30.14 in


10.0 mi

Variable

6.9 mph


  -

N/A

	 

Overcast
  ||    ||  
5:52 PM

71.1 °F


61.0 °F

70%

30.13 in


10.0 mi

ESE

8.1 mph


  -

N/A

	 

Overcast
  ||    ||  
6:52 PM

70.0 °F


60.1 °F

71%

30.13 in


10.0 mi

East

5.8 mph


  -

N/A

	 

Overcast
  ||    ||  
7:52 PM

69.1 °F


61.0 °F

75%

30.14 in


10.0 mi

East

9.2 mph


  -

N/A

	 

Overcast
  ||    ||  
8:52 PM

70.0 °F


60.1 °F

71%

30.14 in


10.0 mi

East

6.9 mph


  -

N/A

	 

Overcast
  ||    ||  
9:52 PM

69.1 °F


63.0 °F

81%

30.14 in


10.0 mi

NE

5.8 mph


  -

N/A

	 

Overcast
  ||    ||  
10:52 PM

69.1 °F


60.1 °F

73%

30.14 in


10.0 mi

Variable

5.8 mph


  -

N/A

	 

Overcast
  ||    ||  
11:52 PM

68.0 °F


57.9 °F

70%

30.13 in


10.0 mi

Variable

6.9 mph


  -

N/A

	 

Overcast
  ||  "
1	KAQW on 7/29/1996	"  ||  
12:52 AM

55.9 °F


55.9 °F

100%

30.29 in


9.0 mi

Calm
Calm

  -

N/A

	 

Clear
  ||    ||  
1:52 AM

55.9 °F


55.0 °F

97%

30.29 in


10.0 mi

Calm
Calm

  -

N/A

	 

Clear
  ||    ||  
2:52 AM

55.9 °F


55.0 °F

97%

30.28 in


10.0 mi

Calm
Calm

  -

N/A

	 

Clear
  ||    ||  
3:52 AM

55.0 °F


55.0 °F

100%

30.27 in


10.0 mi

Calm
Calm

  -

N/A

	 

Mostly Cloudy
  ||    ||  
4:52 AM

54.0 °F


53.1 °F

97%

30.27 in


10.0 mi

Calm
Calm

  -

N/A

	 

Scattered Clouds
  ||    ||  
5:52 AM

53.1 °F


53.1 °F

100%

30.27 in


8.0 mi

Calm
Calm

  -

N/A

	 

Partly Cloudy
  ||    ||  
6:52 AM

55.0 °F


54.0 °F

96%

30.28 in


10.0 mi

Calm
Calm

  -

N/A

	 

Clear
  ||    ||  
7:52 AM

60.1 °F


57.0 °F

90%

30.28 in


10.0 mi

Calm
Calm

  -

N/A

	 

Clear
  ||    ||  
8:52 AM

66.0 °F


60.1 °F

81%

30.27 in


10.0 mi

Calm
Calm

  -

N/A

	 

Mostly Cloudy
  ||    ||  
10:52 AM

75.9 °F


60.1 °F

58%

30.27 in


10.0 mi

Variable

5.8 mph


  -

N/A

	 

Clear
  ||    ||  
11:52 AM

78.1 °F


60.1 °F

54%

30.25 in


10.0 mi

Variable

5.8 mph


  -

N/A

	 

Clear
  ||    ||  
12:52 PM

78.1 °F


61.0 °F

56%

30.24 in


10.0 mi

East

9.2 mph


  -

N/A

	 

Mostly Cloudy
  ||    ||  
1:52 PM

77.0 °F


62.1 °F

60%

30.22 in


10.0 mi

Variable

3.5 mph


  -

N/A

	 

Mostly Cloudy
  ||    ||  
3:52 PM

79.0 °F


57.9 °F

48%

30.20 in


10.0 mi

SSE

5.8 mph


  -

N/A

	 

Clear
  ||    ||  
4:52 PM

78.1 °F


62.1 °F

58%

30.20 in


10.0 mi

Variable

3.5 mph


  -

N/A

	 

Partly Cloudy
  ||    ||  
5:52 PM

73.0 °F


62.1 °F

68%

30.21 in


10.0 mi

SW

10.4 mph


  -

N/A

	 

Mostly Cloudy
  ||    ||  
6:52 PM

68.0 °F


64.9 °F

90%

30.24 in


10.0 mi

Calm
Calm

  -

N/A

	 

Overcast
  ||    ||  
7:52 PM

66.9 °F


64.9 °F

93%

30.23 in


8.0 mi

ESE

4.6 mph


  -

N/A

Rain

Light Rain
  ||    ||  
8:52 PM

66.0 °F


64.0 °F

93%

30.23 in


9.0 mi

Calm
Calm

  -

N/A

	 

Mostly Cloudy
  ||    ||  
9:52 PM

66.0 °F


64.0 °F

93%

30.23 in


9.0 mi

Variable

6.9 mph


  -

N/A

	 

Overcast
  ||    ||  
10:52 PM

64.9 °F


64.0 °F

97%

30.22 in


9.0 mi

ESE

5.8 mph


  -

N/A

	 

Overcast
  ||    ||  
11:52 PM

64.9 °F


64.0 °F

97%

30.22 in


8.0 mi

East

5.8 mph


  -

N/A

	 

Overcast
  ||  "
2	KAQW on 7/28/1996	"  ||  
12:52 AM

60.1 °F


59.0 °F

96%

30.20 in


9.0 mi

Calm
Calm

  -

N/A

	 

Clear
  ||    ||  
1:52 AM

57.9 °F


57.9 °F

100%

30.21 in


8.0 mi

Calm
Calm

  -

N/A

	 

Clear
  ||    ||  
4:52 AM

57.9 °F


57.9 °F

100%

30.24 in


0.2 mi

Calm
Calm

  -

N/A

Fog

Fog
  ||    ||  
5:52 AM

57.9 °F


57.9 °F

100%

30.25 in


0.2 mi

Calm
Calm

  -

N/A

Fog

Fog
  ||    ||  
6:52 AM

57.9 °F


57.9 °F

100%

30.26 in


0.2 mi

Calm
Calm

  -

N/A

Fog

Fog
  ||    ||  
7:52 AM

57.9 °F


57.9 °F

100%

30.27 in


0.2 mi

Calm
Calm

  -

N/A

Fog

Fog
  ||    ||  
9:14 AM

62.6 °F


62.6 °F

100%

30.27 in


10.0 mi

Calm
Calm

  -

N/A

	 

Scattered Clouds
  ||    ||  
9:52 AM

69.1 °F


62.1 °F

78%

30.27 in


10.0 mi

NNW

5.8 mph


  -

N/A

	 

Clear
  ||    ||  
10:52 AM

73.0 °F


62.1 °F

68%

30.26 in


10.0 mi

North

5.8 mph


  -

N/A

	 

Clear
  ||    ||  
11:52 AM

75.9 °F


61.0 °F

60%

30.25 in


10.0 mi

North

8.1 mph


  -

N/A

	 

Partly Cloudy
  ||    ||  
12:52 PM

75.0 °F


59.0 °F

57%

30.24 in


10.0 mi

Calm
Calm

  -

N/A

	 

Partly Cloudy
  ||    ||  
1:52 PM

78.1 °F


57.9 °F

50%

30.23 in


10.0 mi

NNW

5.8 mph


  -

N/A

	 

Scattered Clouds
  ||    ||  
2:52 PM

78.1 °F


57.9 °F

50%

30.22 in


10.0 mi

Variable

6.9 mph


  -

N/A

	 

Scattered Clouds
  ||    ||  
3:52 PM

79.0 °F


55.0 °F

44%

30.22 in


10.0 mi

Variable

5.8 mph


  -

N/A

	 

Partly Cloudy
  ||    ||  
4:52 PM

78.1 °F


55.0 °F

45%

30.21 in


10.0 mi

NNW

6.9 mph


  -

N/A

	 

Clear
  ||    ||  
5:52 PM

78.1 °F


57.0 °F

48%

30.21 in


10.0 mi

NNW

4.6 mph


  -

N/A

	 

Clear
  ||    ||  
6:52 PM

75.9 °F


59.0 °F

56%

30.22 in


10.0 mi

NNW

3.5 mph


  -

N/A

	 

Clear
  ||    ||  
7:52 PM

69.1 °F


63.0 °F

81%

30.24 in


10.0 mi

Calm
Calm

  -

N/A

	 

Clear
  ||    ||  
8:52 PM

64.0 °F


60.1 °F

87%

30.26 in


10.0 mi

Calm
Calm

  -

N/A

	 

Clear
  ||    ||  
9:52 PM

61.0 °F


59.0 °F

93%

30.27 in


10.0 mi

Calm
Calm

  -

N/A

	 

Clear
  ||    ||  
10:52 PM

59.0 °F


57.9 °F

96%

30.28 in


10.0 mi

Calm
Calm

  -

N/A

	 

Clear
  ||    ||  
11:52 PM

57.9 °F


57.0 °F

97%

30.29 in


10.0 mi

Calm
Calm

  -

N/A

	 

Clear
  ||  "
3	KAQW on 7/27/1996	"  ||  
12:52 AM

62.1 °F


62.1 °F

100%

29.98 in


0.2 mi

Calm
Calm

  -

N/A

Fog

Fog
  ||    ||  
1:52 AM

61.0 °F


61.0 °F

100%

29.99 in


0.2 mi

Calm
Calm

  -

N/A

Fog

Fog
  ||    ||  
2:52 AM

60.1 °F


60.1 °F

100%

30.00 in


0.2 mi

Calm
Calm

  -

N/A

Fog

Fog
  ||    ||  
3:52 AM

59.0 °F


59.0 °F

100%

30.01 in


0.2 mi

Calm
Calm

  -

N/A

Fog

Fog
  ||    ||  
4:52 AM

59.0 °F


59.0 °F

100%

30.03 in


0.5 mi

Calm
Calm

  -

N/A

Fog

Fog
  ||    ||  
5:52 AM

59.0 °F


59.0 °F

100%

30.03 in


4.0 mi

Calm
Calm

  -

N/A

	 

Mostly Cloudy
  ||    ||  
6:52 AM

60.1 °F


60.1 °F

100%

30.04 in


8.0 mi

Calm
Calm

  -

N/A

	 

Overcast
  ||    ||  
7:52 AM

63.0 °F


62.1 °F

97%

30.04 in


9.0 mi

West

3.5 mph


  -

N/A

	 

Overcast
  ||    ||  
8:52 AM

66.0 °F


62.1 °F

87%

30.05 in


10.0 mi

West

8.1 mph


  -

N/A

	 

Overcast
  ||    ||  
9:52 AM

69.1 °F


61.0 °F

75%

30.06 in


10.0 mi

WSW

10.4 mph


  -

N/A

	 

Partly Cloudy
  ||    ||  
10:52 AM

70.0 °F


60.1 °F

71%

30.06 in


10.0 mi

Variable

6.9 mph


16.1 mph

N/A

	 

Scattered Clouds
  ||    ||  
11:52 AM

71.1 °F


61.0 °F

70%

30.06 in


10.0 mi

NNW

5.8 mph


  -

N/A

	 

Mostly Cloudy
  ||    ||  
12:52 PM

71.1 °F


61.0 °F

70%

30.08 in


10.0 mi

Variable

4.6 mph


  -

N/A

	 

Overcast
  ||    ||  
1:52 PM

73.0 °F


60.1 °F

64%

30.07 in


10.0 mi

Variable

6.9 mph


  -

N/A

	 

Overcast
  ||    ||  
2:52 PM

72.0 °F


61.0 °F

68%

30.08 in


10.0 mi

West

8.1 mph


  -

N/A

	 

Overcast
  ||    ||  
3:52 PM

71.1 °F


64.9 °F

81%

30.08 in


9.0 mi

Variable

3.5 mph


  -

N/A

Rain

Light Rain
  ||    ||  
4:52 PM

73.9 °F


64.9 °F

73%

30.08 in


10.0 mi

SSW

5.8 mph


  -

N/A

	 

Mostly Cloudy
  ||    ||  
5:52 PM

75.0 °F


62.1 °F

64%

30.09 in


10.0 mi

WSW

12.7 mph


16.1 mph

N/A

	 

Partly Cloudy
  ||    ||  
6:52 PM

73.0 °F


59.0 °F

61%

30.10 in


10.0 mi

West

10.4 mph


  -

N/A

	 

Scattered Clouds
  ||    ||  
7:52 PM

70.0 °F


60.1 °F

71%

30.11 in


10.0 mi

West

9.2 mph


  -

N/A

	 

Partly Cloudy
  ||    ||  
8:52 PM

66.9 °F


61.0 °F

81%

30.13 in


10.0 mi

Calm
Calm

  -

N/A

	 

Clear
  ||    ||  
9:52 PM

64.0 °F


61.0 °F

90%

30.15 in


10.0 mi

East

4.6 mph


  -

N/A

	 

Scattered Clouds
  ||    ||  
10:52 PM

64.9 °F


62.1 °F

90%

30.17 in


10.0 mi

Calm
Calm

  -

N/A

	 

Mostly Cloudy
  ||    ||  
11:52 PM

63.0 °F


62.1 °F

97%

30.19 in


10.0 mi

Calm
Calm

  -

N/A

	 

Mostly Cloudy
  ||  "
4	KAQW on 7/26/1996	"  ||  
12:52 AM

70.0 °F


  -


68.0 °F

93%

29.94 in


4.0 mi

East

5.8 mph


  -

N/A

	 

Overcast
  ||    ||  
1:52 AM

70.0 °F


  -


68.0 °F

93%

29.93 in


4.0 mi

East

5.8 mph


  -

N/A

	 

Overcast
  ||    ||  
2:52 AM

69.1 °F


  -


68.0 °F

96%

29.93 in


4.0 mi

Calm
Calm

  -

N/A

Rain

Light Rain
  ||    ||  
3:52 AM

68.0 °F


  -


68.0 °F

100%

29.91 in


2.0 mi

Calm
Calm

  -

N/A

Rain

Light Rain
  ||    ||  
4:52 AM

68.0 °F


  -


68.0 °F

100%

29.91 in


1.5 mi

Calm
Calm

  -

N/A

Rain

Light Rain
  ||    ||  
5:52 AM

68.0 °F


  -


68.0 °F

100%

29.92 in


1.5 mi

Calm
Calm

  -

N/A

Rain

Light Rain
  ||    ||  
6:52 AM

68.0 °F


  -


68.0 °F

100%

29.92 in


1.5 mi

ENE

3.5 mph


  -

N/A

Rain

Light Rain
  ||    ||  
7:52 AM

69.1 °F


  -


68.0 °F

96%

29.94 in


1.5 mi

Calm
Calm

  -

N/A

Rain

Light Rain
  ||    ||  
8:52 AM

69.1 °F


  -


68.0 °F

96%

29.93 in


5.0 mi

Calm
Calm

  -

N/A

Rain

Light Rain
  ||    ||  
9:52 AM

69.1 °F


  -


68.0 °F

96%

29.93 in


5.0 mi

Variable

4.6 mph


  -

N/A

	 

Partly Cloudy
  ||    ||  
10:52 AM

71.1 °F


  -


68.0 °F

90%

29.94 in


7.0 mi

Calm
Calm

  -

N/A

	 

Overcast
  ||    ||  
11:52 AM

71.1 °F


  -


66.9 °F

87%

29.94 in


8.0 mi

Calm
Calm

  -

N/A

	 

Overcast
  ||    ||  
12:52 PM

75.0 °F


  -


68.0 °F

79%

29.92 in


10.0 mi

Calm
Calm

  -

N/A

	 

Mostly Cloudy
  ||    ||  
1:52 PM

78.1 °F


  -


68.0 °F

71%

29.90 in


10.0 mi

Variable

3.5 mph


  -

N/A

	 

Partly Cloudy
  ||    ||  
2:52 PM

78.1 °F


  -


66.0 °F

66%

29.88 in


10.0 mi

Variable

4.6 mph


  -

N/A

	 

Scattered Clouds
  ||    ||  
3:52 PM

81.0 °F


83.3 °F


66.9 °F

62%

29.87 in


10.0 mi

NNW

5.8 mph


  -

N/A

	 

Partly Cloudy
  ||    ||  
4:52 PM

80.1 °F


81.9 °F


64.9 °F

60%

29.88 in


10.0 mi

Calm
Calm

  -

N/A

	 

Partly Cloudy
  ||    ||  
5:52 PM

78.1 °F


  -


66.0 °F

66%

29.89 in


10.0 mi

Variable

4.6 mph


  -

N/A

	 

Scattered Clouds
  ||    ||  
6:52 PM

73.0 °F


  -


61.0 °F

66%

29.92 in


10.0 mi

SW

6.9 mph


  -

N/A

	 

Clear
  ||    ||  
7:52 PM

70.0 °F


  -


62.1 °F

76%

29.95 in


10.0 mi

Variable

3.5 mph


  -

N/A

	 

Mostly Cloudy
  ||    ||  
8:52 PM

64.9 °F


  -


62.1 °F

90%

29.96 in


5.0 mi

NW

3.5 mph


  -

N/A

Rain

Rain
  ||  "
5	KAQW on 7/25/1996	"  ||  
12:52 AM

66.9 °F


  -


66.0 °F

97%

29.99 in


3.0 mi

Calm
Calm

  -

N/A

	 

Partly Cloudy
  ||    ||  
1:52 AM

68.0 °F


  -


66.9 °F

96%

29.99 in


3.0 mi

East

4.6 mph


  -

N/A

	 

Overcast
  ||    ||  
2:52 AM

66.9 °F


  -


66.0 °F

97%

29.99 in


3.0 mi

Calm
Calm

  -

N/A

	 

Partly Cloudy
  ||    ||  
3:52 AM

66.0 °F


  -


64.9 °F

96%

29.98 in


1.8 mi

Calm
Calm

  -

N/A

	 

Partly Cloudy
  ||    ||  
4:52 AM

64.9 °F


  -


64.9 °F

100%

29.98 in


1.8 mi

ESE

4.6 mph


  -

N/A

	 

Clear
  ||    ||  
5:52 AM

64.9 °F


  -


64.9 °F

100%

29.99 in


1.5 mi

Calm
Calm

  -

N/A

	 

Mostly Cloudy
  ||    ||  
6:52 AM

68.0 °F


  -


66.9 °F

96%

29.99 in


1.8 mi

East

3.5 mph


  -

N/A

	 

Mostly Cloudy
  ||    ||  
7:52 AM

72.0 °F


  -


68.0 °F

87%

30.00 in


2.5 mi

Calm
Calm

  -

N/A

	 

Scattered Clouds
  ||    ||  
8:52 AM

73.9 °F


  -


69.1 °F

85%

30.00 in


2.5 mi

Calm
Calm

  -

N/A

	 

Haze
  ||    ||  
9:52 AM

75.0 °F


  -


66.9 °F

76%

29.99 in


3.0 mi

Variable

4.6 mph


  -

N/A

	 

Haze
  ||    ||  
11:52 AM

75.0 °F


  -


66.9 °F

76%

30.00 in


3.0 mi

SSW

9.2 mph


  -


0.00 in


Rain

Light Rain
  ||    ||  
12:52 PM

77.0 °F


  -


68.0 °F

74%

29.99 in


3.0 mi

SSW

10.4 mph


  -


0.00 in


	 

Haze
  ||    ||  
1:52 PM

78.1 °F


  -


68.0 °F

71%

29.97 in


3.0 mi

Variable

6.9 mph


16.1 mph

N/A

	 

Haze
  ||    ||  
2:52 PM

80.1 °F


82.7 °F


68.0 °F

67%

29.96 in


3.0 mi

WSW

8.1 mph


  -

N/A

	 

Haze
  ||    ||  
3:52 PM

75.9 °F


  -


70.0 °F

82%

29.96 in


1.5 mi

SW

6.9 mph


  -


0.00 in


Rain

Rain
  ||    ||  
4:52 PM

75.0 °F


  -


71.1 °F

87%

29.94 in


2.0 mi

ENE

4.6 mph


  -

N/A

Rain

Light Rain
  ||    ||  
5:52 PM

77.0 °F


  -


71.1 °F

82%

29.92 in


2.5 mi

Calm
Calm

  -

N/A

	 

Haze
  ||    ||  
6:52 PM

75.0 °F


  -


71.1 °F

87%

29.92 in


2.5 mi

NW

4.6 mph


  -

N/A

	 

Clear
  ||    ||  
7:52 PM

73.0 °F


  -


71.1 °F

93%

29.94 in


2.5 mi

Calm
Calm

  -

N/A

	 

Clear
  ||    ||  
8:52 PM

71.1 °F


  -


69.1 °F

93%

29.95 in


3.0 mi

Calm
Calm

  -

N/A

	 

Partly Cloudy
  ||    ||  
9:52 PM

75.0 °F


  -


69.1 °F

82%

29.97 in


4.0 mi

SSW

11.5 mph


17.3 mph

N/A

	 

Haze
  ||    ||  
10:52 PM

73.0 °F


  -


66.9 °F

81%

29.97 in


7.0 mi

SW

12.7 mph


  -

N/A

	 

Overcast
  ||    ||  
11:52 PM

71.1 °F


  -


68.0 °F

90%

29.95 in


5.0 mi

Variable

4.6 mph


  -

N/A

	 

Mostly Cloudy
  ||  "
6	KAQW on 7/24/1996	"  ||  
12:52 AM

60.1 °F


  -


60.1 °F

100%

29.94 in


8.0 mi

Calm
Calm

  -

N/A

	 

Clear
  ||    ||  
1:52 AM

57.9 °F


  -


57.9 °F

100%

29.94 in


8.0 mi

Calm
Calm

  -

N/A

	 

Scattered Clouds
  ||    ||  
2:52 AM

61.0 °F


  -


61.0 °F

100%

29.95 in


4.0 mi

Calm
Calm

  -

N/A

	 

Overcast
  ||    ||  
3:52 AM

62.1 °F


  -


61.0 °F

96%

29.96 in


8.0 mi

Calm
Calm

  -

N/A

	 

Overcast
  ||    ||  
4:52 AM

62.1 °F


  -


61.0 °F

96%

29.95 in


8.0 mi

Calm
Calm

  -

N/A

	 

Overcast
  ||    ||  
5:52 AM

62.1 °F


  -


61.0 °F

96%

29.97 in


8.0 mi

Calm
Calm

  -

N/A

	 

Overcast
  ||    ||  
6:52 AM

63.0 °F


  -


62.1 °F

97%

29.99 in


10.0 mi

ESE

4.6 mph


  -

N/A

	 

Overcast
  ||    ||  
7:52 AM

64.0 °F


  -


62.1 °F

93%

30.00 in


7.0 mi

East

4.6 mph


  -

N/A

	 

Overcast
  ||    ||  
8:52 AM

68.0 °F


  -


63.0 °F

84%

30.00 in


10.0 mi

Variable

3.5 mph


  -

N/A

	 

Overcast
  ||    ||  
9:52 AM

71.1 °F


  -


64.0 °F

78%

29.99 in


10.0 mi

Calm
Calm

  -

N/A

	 

Clear
  ||    ||  
10:52 AM

75.9 °F


  -


64.9 °F

69%

29.99 in


10.0 mi

Calm
Calm

  -

N/A

	 

Clear
  ||    ||  
11:52 AM

80.1 °F


81.1 °F


61.0 °F

52%

29.99 in


10.0 mi

Variable

3.5 mph


  -

N/A

	 

Clear
  ||    ||  
1:52 PM

82.0 °F


83.8 °F


64.9 °F

56%

29.97 in


10.0 mi

ESE

6.9 mph


  -

N/A

	 

Scattered Clouds
  ||    ||  
2:52 PM

82.9 °F


84.4 °F


64.0 °F

53%

29.96 in


10.0 mi

Variable

5.8 mph


  -

N/A

	 

Partly Cloudy
  ||    ||  
3:52 PM

82.0 °F


84.1 °F


66.0 °F

58%

29.96 in


10.0 mi

Variable

5.8 mph


  -

N/A

	 

Scattered Clouds
  ||    ||  
4:52 PM

82.9 °F


85.0 °F


66.0 °F

56%

29.95 in


10.0 mi

Variable

6.9 mph


  -

N/A

	 

Partly Cloudy
  ||    ||  
5:52 PM

82.0 °F


83.4 °F


64.0 °F

54%

29.94 in


10.0 mi

South

6.9 mph


  -

N/A

	 

Clear
  ||    ||  
6:52 PM

81.0 °F


83.3 °F


66.9 °F

62%

29.94 in


10.0 mi

SW

5.8 mph


  -

N/A

	 

Clear
  ||    ||  
7:52 PM

75.9 °F


  -


69.1 °F

79%

29.95 in


7.0 mi

East

3.5 mph


  -

N/A

	 

Clear
  ||    ||  
8:52 PM

71.1 °F


  -


68.0 °F

90%

29.97 in


6.0 mi

Calm
Calm

  -

N/A

	 

Partly Cloudy
  ||    ||  
9:52 PM

68.0 °F


  -


66.9 °F

96%

29.99 in


4.0 mi

South

3.5 mph


  -

N/A

	 

Clear
  ||    ||  
10:52 PM

68.0 °F


  -


66.0 °F

93%

29.99 in


4.0 mi

South

4.6 mph


  -

N/A

	 

Clear
  ||    ||  
11:52 PM

66.9 °F


  -


66.0 °F

97%

29.99 in


3.0 mi

Calm
Calm

  -

N/A

	 

Partly Cloudy
  ||  "
7	KAQW on 7/23/1996	"  ||  
12:52 AM

59.0 °F


55.9 °F

90%

29.93 in


10.0 mi

ESE

4.6 mph


  -

N/A

	 

Clear
  ||    ||  
1:52 AM

57.9 °F


55.9 °F

93%

29.92 in


10.0 mi

Calm
Calm

  -

N/A

	 

Clear
  ||    ||  
2:52 AM

55.9 °F


55.9 °F

100%

29.91 in


10.0 mi

Calm
Calm

  -

N/A

	 

Clear
  ||    ||  
3:52 AM

55.9 °F


55.0 °F

97%

29.90 in


10.0 mi

Calm
Calm

  -

N/A

	 

Scattered Clouds
  ||    ||  
4:52 AM

59.0 °F


57.0 °F

93%

29.89 in


10.0 mi

Variable

3.5 mph


  -

N/A

	 

Overcast
  ||    ||  
5:52 AM

60.1 °F


57.9 °F

93%

29.90 in


10.0 mi

Calm
Calm

  -

N/A

	 

Overcast
  ||    ||  
6:52 AM

60.1 °F


59.0 °F

96%

29.90 in


10.0 mi

ESE

5.8 mph


  -

N/A

	 

Overcast
  ||    ||  
9:52 AM

64.9 °F


62.1 °F

90%

29.93 in


10.0 mi

Calm
Calm

  -


0.00 in


	 

Overcast
  ||    ||  
10:52 AM

68.0 °F


62.1 °F

81%

29.92 in


10.0 mi

East

4.6 mph


  -

N/A

	 

Overcast
  ||    ||  
11:52 AM

69.1 °F


62.1 °F

78%

29.91 in


10.0 mi

Calm
Calm

  -

N/A

	 

Overcast
  ||    ||  
2:52 PM

71.1 °F


63.0 °F

75%

29.89 in


10.0 mi

Calm
Calm

  -

N/A

	 

Overcast
  ||    ||  
3:52 PM

71.1 °F


63.0 °F

75%

29.88 in


10.0 mi

East

5.8 mph


  -

N/A

	 

Overcast
  ||    ||  
4:52 PM

70.0 °F


63.0 °F

78%

29.88 in


10.0 mi

East

4.6 mph


  -

N/A

	 

Overcast
  ||    ||  
5:52 PM

69.1 °F


63.0 °F

81%

29.89 in


10.0 mi

Variable

3.5 mph


  -

N/A

	 

Overcast
  ||    ||  
6:52 PM

69.1 °F


63.0 °F

81%

29.89 in


10.0 mi

Variable

3.5 mph


  -

N/A

	 

Overcast
  ||    ||  
7:52 PM

68.0 °F


63.0 °F

84%

29.89 in


10.0 mi

ENE

5.8 mph


  -

N/A

	 

Overcast
  ||    ||  
8:52 PM

66.9 °F


63.0 °F

87%

29.91 in


10.0 mi

Calm
Calm

  -

N/A

	 

Overcast
  ||    ||  
9:52 PM

66.9 °F


63.0 °F

87%

29.92 in


10.0 mi

Calm
Calm

  -

N/A

	 

Overcast
  ||    ||  
11:52 PM

63.0 °F


62.1 °F

97%

29.94 in


10.0 mi

Calm
Calm

  -

N/A

	 

Overcast
  ||  "
8	KAQW on 7/22/1996	"  ||  
12:52 AM

57.0 °F


  -


55.0 °F

93%

29.97 in


10.0 mi

Calm
Calm

  -

N/A

	 

Clear
  ||    ||  
1:52 AM

55.9 °F


  -


54.0 °F

93%

29.98 in


10.0 mi

Calm
Calm

  -

N/A

	 

Clear
  ||    ||  
2:52 AM

53.1 °F


  -


53.1 °F

100%

29.98 in


10.0 mi

Calm
Calm

  -

N/A

	 

Clear
  ||    ||  
3:52 AM

51.1 °F


  -


51.1 °F

100%

29.97 in


10.0 mi

Calm
Calm

  -

N/A

	 

Clear
  ||    ||  
4:52 AM

51.1 °F


  -


51.1 °F

100%

29.97 in


10.0 mi

Calm
Calm

  -

N/A

	 

Clear
  ||    ||  
5:52 AM

50.0 °F


  -


50.0 °F

100%

29.98 in


10.0 mi

Calm
Calm

  -

N/A

	 

Clear
  ||    ||  
6:52 AM

55.0 °F


  -


53.1 °F

93%

29.98 in


10.0 mi

SE

3.5 mph


  -

N/A

	 

Clear
  ||    ||  
7:52 AM

55.9 °F


  -


54.0 °F

93%

29.99 in


10.0 mi

Calm
Calm

  -

N/A

	 

Clear
  ||    ||  
8:52 AM

62.1 °F


  -


57.0 °F

84%

29.98 in


10.0 mi

Variable

3.5 mph


  -

N/A

	 

Clear
  ||    ||  
9:52 AM

69.1 °F


  -


55.9 °F

63%

29.97 in


10.0 mi

Calm
Calm

  -

N/A

	 

Clear
  ||    ||  
10:52 AM

72.0 °F


  -


57.0 °F

59%

29.95 in


10.0 mi

Calm
Calm

  -

N/A

	 

Clear
  ||    ||  
11:52 AM

77.0 °F


  -


59.0 °F

54%

29.94 in


10.0 mi

Calm
Calm

  -

N/A

	 

Clear
  ||    ||  
12:52 PM

79.0 °F


  -


57.0 °F

47%

29.94 in


10.0 mi

WSW

9.2 mph


  -

N/A

	 

Partly Cloudy
  ||    ||  
1:52 PM

79.0 °F


  -


54.0 °F

42%

29.92 in


9.0 mi

WSW

8.1 mph


  -

N/A

	 

Clear
  ||    ||  
3:52 PM

81.0 °F


80.4 °F


53.1 °F

38%

29.90 in


10.0 mi

Variable

5.8 mph


  -

N/A

	 

Clear
  ||    ||  
4:52 PM

81.0 °F


80.7 °F


55.0 °F

41%

29.90 in


10.0 mi

SW

5.8 mph


  -

N/A

	 

Clear
  ||    ||  
5:52 PM

81.0 °F


80.7 °F


55.0 °F

41%

29.89 in


10.0 mi

Variable

3.5 mph


  -

N/A

	 

Clear
  ||    ||  
6:52 PM

79.0 °F


  -


55.9 °F

45%

29.89 in


10.0 mi

SSW

3.5 mph


  -

N/A

	 

Clear
  ||    ||  
8:52 PM

64.0 °F


  -


60.1 °F

87%

29.92 in


10.0 mi

ENE

3.5 mph


  -

N/A

	 

Clear
  ||    ||  
9:52 PM

60.1 °F


  -


59.0 °F

96%

29.93 in


10.0 mi

Calm
Calm

  -

N/A

	 

Clear
  ||    ||  
10:52 PM

57.9 °F


  -


57.0 °F

97%

29.93 in


10.0 mi

Calm
Calm

  -

N/A

	 

Clear
  ||    ||  
11:52 PM

57.9 °F


  -


57.0 °F

97%

29.93 in


10.0 mi

Calm
Calm

  -

N/A

	 

Clear
  ||  "
9	KAQW on 7/21/1996	"  ||  
12:52 AM

66.9 °F


50.0 °F

54%

29.69 in


10.0 mi

West

17.3 mph


23.0 mph

N/A

	 

Mostly Cloudy
  ||    ||  
1:52 AM

64.0 °F


52.0 °F

65%

29.70 in


10.0 mi

WSW

11.5 mph


20.7 mph

N/A

	 

Clear
  ||    ||  
2:52 AM

64.0 °F


50.0 °F

60%

29.71 in


10.0 mi

West

9.2 mph


  -

N/A

	 

Clear
  ||    ||  
3:52 AM

62.1 °F


51.1 °F

67%

29.71 in


10.0 mi

Variable

5.8 mph


  -

N/A

	 

Clear
  ||    ||  
4:52 AM

61.0 °F


51.1 °F

70%

29.73 in


10.0 mi

WSW

12.7 mph


  -

N/A

	 

Clear
  ||    ||  
5:52 AM

60.1 °F


50.0 °F

69%

29.74 in


10.0 mi

WSW

6.9 mph


  -

N/A

	 

Clear
  ||    ||  
6:52 AM

62.1 °F


51.1 °F

67%

29.75 in


10.0 mi

WSW

11.5 mph


  -

N/A

	 

Clear
  ||    ||  
7:52 AM

64.0 °F


52.0 °F

65%

29.76 in


10.0 mi

West

13.8 mph


19.6 mph

N/A

	 

Clear
  ||    ||  
8:52 AM

66.9 °F


52.0 °F

59%

29.76 in


10.0 mi

West

12.7 mph


19.6 mph

N/A

	 

Clear
  ||    ||  
9:52 AM

69.1 °F


51.1 °F

53%

29.77 in


10.0 mi

West

11.5 mph


21.9 mph

N/A

	 

Clear
  ||    ||  
10:52 AM

70.0 °F


52.0 °F

53%

29.78 in


10.0 mi

West

15.0 mph


23.0 mph

N/A

	 

Partly Cloudy
  ||    ||  
11:52 AM

72.0 °F


54.0 °F

53%

29.78 in


10.0 mi

West

17.3 mph


23.0 mph

N/A

	 

Partly Cloudy
  ||    ||  
12:52 PM

75.0 °F


51.1 °F

43%

29.78 in


10.0 mi

West

11.5 mph


  -

N/A

	 

Partly Cloudy
  ||    ||  
1:52 PM

77.0 °F


48.9 °F

37%

29.78 in


10.0 mi

West

12.7 mph


19.6 mph

N/A

	 

Clear
  ||    ||  
2:52 PM

79.0 °F


50.0 °F

36%

29.78 in


10.0 mi

West

15.0 mph


21.9 mph

N/A

	 

Clear
  ||    ||  
3:52 PM

79.0 °F


48.9 °F

35%

29.78 in


10.0 mi

WNW

11.5 mph


16.1 mph

N/A

	 

Clear
  ||    ||  
4:52 PM

78.1 °F


54.0 °F

43%

29.79 in


10.0 mi

West

10.4 mph


20.7 mph

N/A

	 

Clear
  ||    ||  
5:52 PM

78.1 °F


55.0 °F

45%

29.79 in


10.0 mi

West

11.5 mph


  -

N/A

	 

Clear
  ||    ||  
6:52 PM

75.9 °F


55.9 °F

50%

29.83 in


10.0 mi

West

10.4 mph


  -

N/A

	 

Clear
  ||    ||  
7:52 PM

72.0 °F


55.9 °F

57%

29.85 in


10.0 mi

WSW

8.1 mph


  -

N/A

	 

Clear
  ||    ||  
8:52 PM

66.0 °F


57.0 °F

73%

29.89 in


10.0 mi

West

3.5 mph


  -

N/A

	 

Clear
  ||    ||  
9:52 PM

62.1 °F


59.0 °F

90%

29.92 in


10.0 mi

NNE

4.6 mph


  -

N/A

	 

Clear
  ||    ||  
10:52 PM

59.0 °F


57.0 °F

93%

29.93 in


10.0 mi

SE

3.5 mph


  -

N/A

	 

Clear
  ||    ||  
11:52 PM

59.0 °F


55.9 °F

90%

29.96 in


10.0 mi

ESE

5.8 mph


  -

N/A

	 

Clear
  ||  "
10	KAQW on 7/20/1996	"  ||  
12:52 AM

66.0 °F


54.0 °F

65%

29.56 in


10.0 mi

West

12.7 mph


27.6 mph

N/A

	 

Scattered Clouds
  ||    ||  
1:52 AM

64.0 °F


52.0 °F

65%

29.59 in


10.0 mi

West

11.5 mph


20.7 mph

N/A

	 

Scattered Clouds
  ||    ||  
2:52 AM

64.0 °F


52.0 °F

65%

29.61 in


10.0 mi

West

9.2 mph


18.4 mph

N/A

	 

Overcast
  ||    ||  
3:52 AM

62.1 °F


52.0 °F

70%

29.61 in


10.0 mi

West

11.5 mph


18.4 mph

N/A

	 

Clear
  ||    ||  
4:52 AM

62.1 °F


52.0 °F

70%

29.60 in


10.0 mi

West

13.8 mph


27.6 mph

N/A

	 

Partly Cloudy
  ||    ||  
5:52 AM

61.0 °F


53.1 °F

75%

29.61 in


10.0 mi

West

17.3 mph


20.7 mph

N/A

	 

Scattered Clouds
  ||    ||  
6:52 AM

61.0 °F


51.1 °F

70%

29.62 in


10.0 mi

West

15.0 mph


27.6 mph

N/A

	 

Overcast
  ||    ||  
8:52 AM

62.1 °F


50.0 °F

65%

29.64 in


10.0 mi

West

18.4 mph


33.4 mph

N/A

	 

Mostly Cloudy
  ||    ||  
9:52 AM

61.0 °F


50.0 °F

67%

29.65 in


10.0 mi

West

11.5 mph


25.3 mph

N/A

	 

Overcast
  ||    ||  
10:52 AM

62.1 °F


51.1 °F

67%

29.63 in


10.0 mi

West

18.4 mph


21.9 mph

N/A

	 

Overcast
  ||    ||  
11:52 AM

64.9 °F


50.0 °F

58%

29.62 in


10.0 mi

WNW

11.5 mph


23.0 mph

N/A

	 

Overcast
  ||    ||  
12:52 PM

68.0 °F


51.1 °F

55%

29.60 in


10.0 mi

West

16.1 mph


25.3 mph

N/A

	 

Mostly Cloudy
  ||    ||  
1:52 PM

66.0 °F


48.9 °F

54%

29.60 in


10.0 mi

West

16.1 mph


24.2 mph

N/A

	 

Overcast
  ||    ||  
2:52 PM

66.9 °F


48.9 °F

52%

29.61 in


10.0 mi

West

20.7 mph


33.4 mph

N/A

	 

Overcast
  ||    ||  
3:52 PM

66.9 °F


51.1 °F

57%

29.60 in


10.0 mi

West

16.1 mph


20.7 mph

N/A

	 

Overcast
  ||    ||  
4:52 PM

69.1 °F


55.0 °F

61%

29.60 in


10.0 mi

WSW

17.3 mph


21.9 mph

N/A

	 

Overcast
  ||    ||  
5:52 PM

69.1 °F


48.9 °F

49%

29.61 in


10.0 mi

West

19.6 mph


27.6 mph

N/A

	 

Overcast
  ||    ||  
6:52 PM

69.1 °F


48.9 °F

49%

29.63 in


10.0 mi

West

13.8 mph


  -

N/A

	 

Overcast
  ||    ||  
7:52 PM

69.1 °F


48.9 °F

49%

29.63 in


10.0 mi

West

17.3 mph


28.8 mph


0.00 in


	 

Overcast
  ||    ||  
8:52 PM

68.0 °F


51.1 °F

55%

29.65 in


10.0 mi

West

15.0 mph


20.7 mph


0.00 in


	 

Overcast
  ||    ||  
9:52 PM

68.0 °F


52.0 °F

56%

29.67 in


10.0 mi

West

19.6 mph


29.9 mph

N/A

	 

Overcast
  ||    ||  
10:52 PM

68.0 °F


51.1 °F

55%

29.68 in


10.0 mi

WSW

16.1 mph


26.5 mph

N/A

	 

Overcast
  ||    ||  
11:52 PM

66.9 °F


52.0 °F

59%

29.68 in


10.0 mi

WSW

16.1 mph


26.5 mph

N/A

	 

Overcast
  ||  "
11	KAQW on 7/19/1996	"  ||  
12:52 AM

70.0 °F


  -


66.0 °F

87%

29.87 in


8.0 mi

Variable

6.9 mph


  -

N/A

	 

Clear
  ||    ||  
1:52 AM

69.1 °F


  -


66.0 °F

90%

29.85 in


7.0 mi

East

9.2 mph


  -

N/A

	 

Scattered Clouds
  ||    ||  
2:52 AM

68.0 °F


  -


64.9 °F

90%

29.82 in


6.0 mi

East

9.2 mph


  -

N/A

	 

Clear
  ||    ||  
3:52 AM

68.0 °F


  -


66.0 °F

93%

29.77 in


6.0 mi

East

6.9 mph


  -

N/A

	 

Mostly Cloudy
  ||    ||  
4:52 AM

68.0 °F


  -


66.0 °F

93%

29.73 in


6.0 mi

ESE

6.9 mph


  -

N/A

	 

Mostly Cloudy
  ||    ||  
5:52 AM

68.0 °F


  -


66.0 °F

93%

29.72 in


3.0 mi

Calm
Calm

  -

N/A

	 

Overcast
  ||    ||  
6:01 AM

69.8 °F


  -


66.2 °F

88%

29.73 in


3.0 mi

Calm
Calm

  -

N/A

	 

Mostly Cloudy
  ||    ||  
6:52 AM

71.1 °F


  -


68.0 °F

90%

29.70 in


3.0 mi

Variable

5.8 mph


  -

N/A

	 

Overcast
  ||    ||  
7:52 AM

71.1 °F


  -


70.0 °F

96%

29.69 in


2.5 mi

Calm
Calm

  -


0.00 in


Rain

Light Rain
  ||    ||  
9:19 AM

75.2 °F


  -


71.6 °F

89%

29.65 in


6.0 mi

Calm
Calm

  -

N/A

	 

Mostly Cloudy
  ||    ||  
9:52 AM

75.9 °F


  -


69.1 °F

79%

29.62 in


8.0 mi

South

9.2 mph


  -

N/A

	 

Overcast
  ||    ||  
10:52 AM

75.9 °F


  -


70.0 °F

82%

29.56 in


8.0 mi

Variable

6.9 mph


  -

N/A

	 

Mostly Cloudy
  ||    ||  
11:12 AM

77.0 °F


  -


71.6 °F

83%

29.55 in


8.0 mi

Calm
Calm

  -

N/A

	 

Mostly Cloudy
  ||    ||  
11:52 AM

78.1 °F


  -


69.1 °F

74%

29.52 in


10.0 mi

Calm
Calm

  -

N/A

	 

Mostly Cloudy
  ||    ||  
1:52 PM

80.1 °F


82.9 °F


69.1 °F

69%

29.47 in


10.0 mi

West

8.1 mph


  -

N/A

	 

Scattered Clouds
  ||    ||  
2:52 PM

77.0 °F


  -


70.0 °F

79%

29.44 in


4.0 mi

SSW

8.1 mph


  -


0.00 in


Rain

Light Rain
  ||    ||  
3:52 PM

75.0 °F


  -


73.0 °F

94%

29.41 in


3.0 mi

East

4.6 mph


  -


0.00 in


Rain

Rain
  ||    ||  
4:52 PM

73.9 °F


  -


72.0 °F

93%

29.38 in


4.0 mi

Variable

6.9 mph


  -

N/A

Rain

Light Rain
  ||    ||  
5:52 PM

75.0 °F


  -


71.1 °F

87%

29.39 in


10.0 mi

West

12.7 mph


  -


0.00 in


	 

Overcast
  ||    ||  
6:52 PM

75.0 °F


  -


70.0 °F

84%

29.40 in


10.0 mi

WSW

18.4 mph


24.2 mph

N/A

	 

Overcast
  ||    ||  
7:52 PM

75.9 °F


  -


69.1 °F

79%

29.42 in


10.0 mi

WSW

15.0 mph


  -

N/A

	 

Overcast
  ||    ||  
8:52 PM

73.0 °F


  -


62.1 °F

68%

29.48 in


10.0 mi

West

16.1 mph


20.7 mph

N/A

	 

Overcast
  ||    ||  
9:52 PM

69.1 °F


  -


62.1 °F

78%

29.52 in


10.0 mi

Variable

6.9 mph


  -


0.00 in


	 

Mostly Cloudy
  ||    ||  
10:52 PM

70.0 °F


  -


60.1 °F

71%

29.52 in


10.0 mi

Variable

6.9 mph


  -

N/A

	 

Overcast
  ||    ||  
11:52 PM

68.0 °F


  -


57.9 °F

70%

29.55 in


10.0 mi

West

11.5 mph


25.3 mph

N/A

	 

Overcast
  ||  "
12	KAQW on 7/18/1996	"  ||  
12:52 AM

63.0 °F


  -


62.1 °F

97%

30.10 in


8.0 mi

Calm
Calm

  -

N/A

	 

Clear
  ||    ||  
1:52 AM

62.1 °F


  -


61.0 °F

96%

30.10 in


5.0 mi

Calm
Calm

  -

N/A

	 

Clear
  ||    ||  
2:52 AM

61.0 °F


  -


60.1 °F

97%

30.10 in


5.0 mi

Calm
Calm

  -

N/A

	 

Clear
  ||    ||  
3:52 AM

59.0 °F


  -


59.0 °F

100%

30.10 in


4.0 mi

Calm
Calm

  -

N/A

	 

Clear
  ||    ||  
4:52 AM

57.9 °F


  -


57.9 °F

100%

30.09 in


3.0 mi

Calm
Calm

  -

N/A

	 

Clear
  ||    ||  
5:52 AM

57.9 °F


  -


57.9 °F

100%

30.11 in


2.5 mi

Calm
Calm

  -

N/A

	 

Clear
  ||    ||  
6:52 AM

61.0 °F


  -


60.1 °F

97%

30.11 in


4.0 mi

Calm
Calm

  -

N/A

	 

Clear
  ||    ||  
7:52 AM

66.0 °F


  -


63.0 °F

90%

30.10 in


9.0 mi

SE

3.5 mph


  -

N/A

	 

Clear
  ||    ||  
8:52 AM

72.0 °F


  -


64.0 °F

76%

30.10 in


10.0 mi

Calm
Calm

  -

N/A

	 

Clear
  ||    ||  
10:52 AM

79.0 °F


  -


64.9 °F

62%

30.08 in


10.0 mi

Calm
Calm

  -

N/A

	 

Clear
  ||    ||  
11:52 AM

82.0 °F


83.8 °F


64.9 °F

56%

30.06 in


10.0 mi

North

5.8 mph


  -

N/A

	 

Partly Cloudy
  ||    ||  
12:52 PM

82.9 °F


83.7 °F


62.1 °F

49%

30.04 in


10.0 mi

West

6.9 mph


  -

N/A

	 

Partly Cloudy
  ||    ||  
1:52 PM

84.0 °F


84.4 °F


61.0 °F

46%

30.01 in


10.0 mi

Variable

6.9 mph


  -

N/A

	 

Partly Cloudy
  ||    ||  
2:52 PM

84.0 °F


84.5 °F


62.1 °F

47%

30.01 in


10.0 mi

Variable

4.6 mph


  -

N/A

	 

Partly Cloudy
  ||    ||  
3:52 PM

84.0 °F


85.4 °F


64.0 °F

51%

30.00 in


10.0 mi

Variable

3.5 mph


  -

N/A

	 

Scattered Clouds
  ||    ||  
4:52 PM

84.0 °F


85.8 °F


64.9 °F

53%

29.98 in


10.0 mi

WSW

3.5 mph


  -

N/A

	 

Clear
  ||    ||  
5:52 PM

84.0 °F


86.3 °F


66.0 °F

55%

29.96 in


10.0 mi

SSW

4.6 mph


  -

N/A

	 

Partly Cloudy
  ||    ||  
6:52 PM

82.0 °F


87.4 °F


73.0 °F

74%

29.94 in


10.0 mi

Calm
Calm

  -

N/A

	 

Clear
  ||    ||  
7:52 PM

75.9 °F


  -


71.1 °F

85%

29.93 in


10.0 mi

ESE

3.5 mph


  -

N/A

	 

Clear
  ||    ||  
8:52 PM

72.0 °F


  -


69.1 °F

91%

29.93 in


10.0 mi

Variable

4.6 mph


  -

N/A

	 

Clear
  ||    ||  
9:52 PM

72.0 °F


  -


68.0 °F

87%

29.92 in


8.0 mi

East

4.6 mph


  -

N/A

	 

Partly Cloudy
  ||    ||  
10:52 PM

71.1 °F


  -


66.9 °F

87%

29.91 in


8.0 mi

East

6.9 mph


  -

N/A

	 

Clear
  ||    ||  
11:52 PM

70.0 °F


  -


66.9 °F

90%

29.89 in


8.0 mi

Variable

5.8 mph


  -

N/A

	 

Clear
  ||  "
13	KAQW on 7/17/1996	"  ||  
1:52 AM

63.0 °F


  -


63.0 °F

100%

30.02 in


5.0 mi

Calm
Calm

  -

N/A

	 

Clear
  ||    ||  
2:52 AM

64.0 °F


  -


63.0 °F

96%

30.03 in


6.0 mi

Calm
Calm

  -

N/A

	 

Clear
  ||    ||  
4:52 AM

62.1 °F


  -


62.1 °F

100%

30.03 in


5.0 mi

WNW

3.5 mph


  -

N/A

	 

Clear
  ||    ||  
5:52 AM

62.1 °F


  -


62.1 °F

100%

30.04 in


3.0 mi

SW

3.5 mph


  -

N/A

	 

Clear
  ||    ||  
6:52 AM

64.9 °F


  -


63.0 °F

93%

30.06 in


3.0 mi

Calm
Calm

  -

N/A

	 

Mostly Cloudy
  ||    ||  
7:52 AM

66.9 °F


  -


64.0 °F

90%

30.05 in


6.0 mi

ENE

3.5 mph


  -

N/A

	 

Clear
  ||    ||  
8:52 AM

73.0 °F


  -


66.9 °F

81%

30.05 in


10.0 mi

Calm
Calm

  -

N/A

	 

Clear
  ||    ||  
9:52 AM

78.1 °F


  -


66.0 °F

66%

30.05 in


10.0 mi

Variable

4.6 mph


  -

N/A

	 

Scattered Clouds
  ||    ||  
10:52 AM

80.1 °F


82.3 °F


66.9 °F

64%

30.06 in


10.0 mi

West

10.4 mph


17.3 mph

N/A

	 

Partly Cloudy
  ||    ||  
11:52 AM

81.0 °F


83.8 °F


68.0 °F

65%

30.06 in


10.0 mi

West

10.4 mph


  -

N/A

	 

Mostly Cloudy
  ||    ||  
12:52 PM

82.9 °F


85.0 °F


66.0 °F

56%

30.05 in


10.0 mi

West

12.7 mph


  -

N/A

	 

Scattered Clouds
  ||    ||  
1:52 PM

82.9 °F


84.6 °F


64.9 °F

54%

30.04 in


10.0 mi

West

11.5 mph


17.3 mph

N/A

	 

Scattered Clouds
  ||    ||  
2:52 PM

82.9 °F


84.0 °F


63.0 °F

51%

30.02 in


10.0 mi

WSW

19.6 mph


25.3 mph

N/A

	 

Clear
  ||    ||  
3:52 PM

82.0 °F


83.1 °F


63.0 °F

52%

30.02 in


10.0 mi

West

12.7 mph


18.4 mph

N/A

	 

Partly Cloudy
  ||    ||  
4:52 PM

82.0 °F


83.1 °F


63.0 °F

52%

30.02 in


10.0 mi

West

10.4 mph


19.6 mph

N/A

	 

Clear
  ||    ||  
6:52 PM

81.0 °F


81.9 °F


62.1 °F

52%

30.04 in


10.0 mi

WSW

12.7 mph


  -

N/A

	 

Clear
  ||    ||  
7:52 PM

77.0 °F


  -


63.0 °F

62%

30.05 in


10.0 mi

WSW

8.1 mph


  -

N/A

	 

Clear
  ||    ||  
8:52 PM

70.0 °F


  -


64.9 °F

84%

30.06 in


10.0 mi

North

3.5 mph


  -

N/A

	 

Clear
  ||    ||  
9:52 PM

66.9 °F


  -


64.9 °F

93%

30.08 in


10.0 mi

NW

4.6 mph


  -

N/A

	 

Clear
  ||    ||  
10:52 PM

64.9 °F


  -


63.0 °F

93%

30.08 in


10.0 mi

Calm
Calm

  -

N/A

	 

Clear
  ||    ||  
11:52 PM

66.0 °F


  -


63.0 °F

90%

30.09 in


10.0 mi

Variable

4.6 mph


  -

N/A

	 

Clear
  ||  "
14	KAQW on 7/16/1996	"  ||  
12:52 AM

70.0 °F


  -


68.0 °F

93%

29.90 in


6.0 mi

West

6.9 mph


  -


0.02 in


Rain

Light Rain
  ||    ||  
1:52 AM

69.1 °F


  -


66.9 °F

93%

29.91 in


9.0 mi

West

5.8 mph


  -


0.00 in


	 

Overcast
  ||    ||  
2:52 AM

69.1 °F


  -


66.9 °F

93%

29.93 in


8.0 mi

West

6.9 mph


  -

N/A

	 

Overcast
  ||    ||  
3:52 AM

69.1 °F


  -


66.9 °F

93%

29.94 in


7.0 mi

Variable

4.6 mph


  -

N/A

	 

Overcast
  ||    ||  
4:52 AM

69.1 °F


  -


66.0 °F

90%

29.95 in


9.0 mi

Calm
Calm

  -

N/A

	 

Overcast
  ||    ||  
5:52 AM

66.0 °F


  -


64.9 °F

96%

29.97 in


5.0 mi

Variable

4.6 mph


  -

N/A

	 

Mostly Cloudy
  ||    ||  
6:52 AM

68.0 °F


  -


66.0 °F

93%

29.99 in


6.0 mi

Variable

4.6 mph


  -

N/A

	 

Scattered Clouds
  ||    ||  
7:52 AM

73.0 °F


  -


64.9 °F

76%

30.00 in


10.0 mi

WSW

6.9 mph


  -

N/A

	 

Partly Cloudy
  ||    ||  
8:52 AM

73.0 °F


  -


64.9 °F

76%

30.00 in


10.0 mi

WSW

8.1 mph


  -

N/A

	 

Scattered Clouds
  ||    ||  
9:52 AM

75.9 °F


  -


66.0 °F

71%

30.01 in


10.0 mi

SW

6.9 mph


  -

N/A

	 

Mostly Cloudy
  ||    ||  
10:52 AM

77.0 °F


  -


64.9 °F

66%

30.01 in


10.0 mi

SW

8.1 mph


  -

N/A

	 

Mostly Cloudy
  ||    ||  
11:52 AM

79.0 °F


  -


64.9 °F

62%

30.01 in


10.0 mi

WSW

10.4 mph


  -

N/A

	 

Mostly Cloudy
  ||    ||  
12:52 PM

80.1 °F


81.9 °F


64.9 °F

60%

29.99 in


10.0 mi

WSW

13.8 mph


17.3 mph

N/A

	 

Mostly Cloudy
  ||    ||  
1:52 PM

82.0 °F


83.8 °F


64.9 °F

56%

29.98 in


10.0 mi

SW

9.2 mph


  -

N/A

	 

Partly Cloudy
  ||    ||  
2:52 PM

82.9 °F


84.6 °F


64.9 °F

54%

29.96 in


10.0 mi

SW

13.8 mph


18.4 mph

N/A

	 

Partly Cloudy
  ||    ||  
3:52 PM

82.0 °F


83.8 °F


64.9 °F

56%

29.95 in


10.0 mi

WSW

10.4 mph


19.6 mph

N/A

	 

Scattered Clouds
  ||    ||  
4:52 PM

82.9 °F


85.0 °F


66.0 °F

56%

29.94 in


10.0 mi

WSW

12.7 mph


17.3 mph

N/A

	 

Partly Cloudy
  ||    ||  
5:52 PM

82.9 °F


85.0 °F


66.0 °F

56%

29.94 in


10.0 mi

SW

8.1 mph


  -

N/A

	 

Mostly Cloudy
  ||    ||  
6:52 PM

80.1 °F


81.9 °F


64.9 °F

60%

29.95 in


10.0 mi

West

6.9 mph


  -

N/A

	 

Scattered Clouds
  ||    ||  
7:52 PM

77.0 °F


  -


64.0 °F

64%

29.96 in


10.0 mi

West

10.4 mph


16.1 mph

N/A

	 

Clear
  ||    ||  
8:52 PM

70.0 °F


  -


66.9 °F

90%

29.98 in


10.0 mi

Calm
Calm

  -

N/A

	 

Clear
  ||    ||  
9:52 PM

66.9 °F


  -


66.0 °F

97%

30.00 in


8.0 mi

Calm
Calm

  -

N/A

	 

Clear
  ||    ||  
10:52 PM

66.0 °F


  -


64.0 °F

93%

30.01 in


7.0 mi

Calm
Calm

  -

N/A

	 

Clear
  ||    ||  
11:52 PM

64.0 °F


  -


64.0 °F

100%

30.01 in


5.0 mi

Calm
Calm

  -

N/A

	 

Clear
  ||  "
15	KAQW on 7/15/1996	"  ||  
12:52 AM

73.0 °F


  -


69.1 °F

87%

29.98 in


6.0 mi

East

5.8 mph


  -

N/A

	 

Clear
  ||    ||  
1:52 AM

72.0 °F


  -


69.1 °F

91%

29.97 in


5.0 mi

East

4.6 mph


  -

N/A

	 

Partly Cloudy
  ||    ||  
2:52 AM

70.0 °F


  -


69.1 °F

97%

29.98 in


3.0 mi

Calm
Calm

  -

N/A

	 

Clear
  ||    ||  
3:52 AM

70.0 °F


  -


69.1 °F

97%

29.98 in


4.0 mi

ESE

3.5 mph


  -

N/A

	 

Clear
  ||    ||  
4:52 AM

71.1 °F


  -


69.1 °F

93%

29.96 in


3.0 mi

SSE

5.8 mph


  -

N/A

	 

Clear
  ||    ||  
5:52 AM

72.0 °F


  -


70.0 °F

93%

29.97 in


2.5 mi

ESE

9.2 mph


  -

N/A

	 

Clear
  ||    ||  
6:52 AM

73.9 °F


  -


71.1 °F

91%

29.96 in


3.0 mi

East

8.1 mph


  -

N/A

	 

Mostly Cloudy
  ||    ||  
8:52 AM

77.0 °F


  -


73.0 °F

88%

29.94 in


4.0 mi

East

11.5 mph


18.4 mph

N/A

	 

Partly Cloudy
  ||    ||  
9:52 AM

80.1 °F


84.2 °F


73.0 °F

79%

29.94 in


5.0 mi

East

13.8 mph


20.7 mph

N/A

	 

Haze
  ||    ||  
11:52 AM

79.0 °F


  -


73.0 °F

82%

29.91 in


6.0 mi

ESE

17.3 mph


23.0 mph


0.00 in


	 

Haze
  ||    ||  
1:52 PM

79.0 °F


  -


73.0 °F

82%

29.87 in


5.0 mi

ESE

19.6 mph


29.9 mph

N/A

	 

Haze
  ||    ||  
2:52 PM

78.1 °F


  -


73.0 °F

84%

29.84 in


6.0 mi

ESE

13.8 mph


18.4 mph


0.00 in


Rain

Light Rain
  ||    ||  
3:52 PM

81.0 °F


85.8 °F


73.0 °F

77%

29.82 in


4.0 mi

Variable

3.5 mph


21.9 mph


0.01 in


Rain

Light Rain
  ||    ||  
4:52 PM

80.1 °F


84.2 °F


73.0 °F

79%

29.81 in


2.5 mi

South

15.0 mph


26.5 mph


0.02 in


Rain

Light Rain
  ||    ||  
5:52 PM

79.0 °F


  -


73.0 °F

82%

29.80 in


6.0 mi

Variable

4.6 mph


  -


0.00 in


Rain

Light Rain
  ||    ||  
6:52 PM

80.1 °F


84.2 °F


73.0 °F

79%

29.80 in


8.0 mi

SW

8.1 mph


18.4 mph


0.00 in


	 

Mostly Cloudy
  ||    ||  
7:52 PM

80.1 °F


83.8 °F


72.0 °F

76%

29.81 in


7.0 mi

SSW

8.1 mph


16.1 mph


0.00 in


	 

Mostly Cloudy
  ||    ||  
8:52 PM

78.1 °F


  -


72.0 °F

81%

29.81 in


8.0 mi

SSW

10.4 mph


  -


0.05 in


Rain

Light Rain
  ||    ||  
9:52 PM

75.0 °F


  -


73.0 °F

94%

29.83 in


4.0 mi

Variable

4.6 mph


  -


0.05 in


Rain

Light Rain
  ||    ||  
10:52 PM

73.9 °F


  -


73.0 °F

97%

29.85 in


5.0 mi

SSE

3.5 mph


  -


0.08 in


Rain

Light Rain
  ||    ||  
11:52 PM

72.0 °F


  -


70.0 °F

93%

29.88 in


4.0 mi

West

5.8 mph


  -


0.02 in


Rain

Light Rain
  ||  "
16	KAQW on 7/14/1996	"  ||  
12:52 AM

68.0 °F


  -


64.0 °F

87%

29.77 in


10.0 mi

Variable

4.6 mph


  -

N/A

	 

Overcast
  ||    ||  
1:52 AM

66.9 °F


  -


64.9 °F

93%

29.79 in


10.0 mi

Variable

5.8 mph


  -

N/A

	 

Overcast
  ||    ||  
2:52 AM

68.0 °F


  -


64.0 °F

87%

29.81 in


10.0 mi

WSW

12.7 mph


  -

N/A

	 

Partly Cloudy
  ||    ||  
3:52 AM

66.0 °F


  -


64.0 °F

93%

29.84 in


10.0 mi

West

8.1 mph


  -

N/A

	 

Clear
  ||    ||  
4:52 AM

66.9 °F


  -


64.0 °F

90%

29.87 in


10.0 mi

West

6.9 mph


  -

N/A

	 

Mostly Cloudy
  ||    ||  
5:52 AM

68.0 °F


  -


64.9 °F

90%

29.89 in


10.0 mi

West

8.1 mph


  -

N/A

	 

Overcast
  ||    ||  
6:52 AM

68.0 °F


  -


66.0 °F

93%

29.90 in


10.0 mi

Calm
Calm

  -

N/A

	 

Scattered Clouds
  ||    ||  
7:52 AM

71.1 °F


  -


66.0 °F

84%

29.92 in


10.0 mi

Calm
Calm

  -

N/A

	 

Clear
  ||    ||  
8:52 AM

73.9 °F


  -


66.9 °F

79%

29.93 in


10.0 mi

Calm
Calm

  -

N/A

	 

Clear
  ||    ||  
9:52 AM

77.0 °F


  -


66.9 °F

71%

29.92 in


10.0 mi

Calm
Calm

  -

N/A

	 

Clear
  ||    ||  
10:52 AM

79.0 °F


  -


66.9 °F

66%

29.93 in


10.0 mi

Variable

3.5 mph


  -

N/A

	 

Clear
  ||    ||  
11:52 AM

82.0 °F


85.9 °F


70.0 °F

67%

29.93 in


10.0 mi

Variable

3.5 mph


  -

N/A

	 

Clear
  ||    ||  
12:52 PM

84.0 °F


89.0 °F


71.1 °F

65%

29.91 in


10.0 mi

Variable

3.5 mph


  -

N/A

	 

Partly Cloudy
  ||    ||  
1:52 PM

86.0 °F


91.5 °F


71.1 °F

61%

29.91 in


10.0 mi

Calm
Calm

  -

N/A

	 

Partly Cloudy
  ||    ||  
2:52 PM

86.0 °F


91.5 °F


71.1 °F

61%

29.91 in


7.0 mi

South

6.9 mph


  -

N/A

	 

Clear
  ||    ||  
3:52 PM

86.0 °F


91.5 °F


71.1 °F

61%

29.89 in


5.0 mi

SSW

8.1 mph


  -

N/A

	 

Haze
  ||    ||  
4:52 PM

84.9 °F


90.7 °F


72.0 °F

65%

29.89 in


5.0 mi

Variable

4.6 mph


  -

N/A

	 

Haze
  ||    ||  
5:52 PM

84.9 °F


90.7 °F


72.0 °F

65%

29.89 in


5.0 mi

SSW

5.8 mph


  -

N/A

	 

Haze
  ||    ||  
6:52 PM

82.9 °F


87.5 °F


71.1 °F

67%

29.90 in


5.0 mi

Variable

5.8 mph


  -

N/A

	 

Haze
  ||    ||  
7:52 PM

81.0 °F


84.9 °F


71.1 °F

72%

29.94 in


6.0 mi

Variable

5.8 mph


  -

N/A

	 

Haze
  ||    ||  
8:52 PM

78.1 °F


  -


72.0 °F

81%

29.93 in


6.0 mi

Variable

3.5 mph


  -

N/A

	 

Haze
  ||    ||  
9:52 PM

75.9 °F


  -


70.0 °F

82%

29.96 in


7.0 mi

Calm
Calm

  -

N/A

	 

Clear
  ||    ||  
10:52 PM

75.0 °F


  -


68.0 °F

79%

29.97 in


8.0 mi

East

5.8 mph


  -

N/A

	 

Partly Cloudy
  ||    ||  
11:52 PM

73.0 °F


  -


69.1 °F

87%

29.99 in


6.0 mi

Calm
Calm

  -

N/A

	 

Clear
  ||  "
17	KAQW on 7/13/1996	"  ||  
12:52 AM

68.0 °F


62.1 °F

81%

30.16 in


10.0 mi

Calm
Calm

  -

N/A

	 

Mostly Cloudy
  ||    ||  
2:52 AM

64.9 °F


64.0 °F

97%

30.13 in


6.0 mi

SSE

3.5 mph


  -


0.00 in


Rain

Light Rain
  ||    ||  
3:52 AM

64.9 °F


64.0 °F

97%

30.11 in


7.0 mi

ESE

5.8 mph


  -

N/A

Rain

Light Rain
  ||    ||  
7:52 AM

66.0 °F


66.0 °F

100%

30.03 in


1.5 mi

Calm
Calm

  -


0.11 in


Rain

Rain
  ||    ||  
8:52 AM

68.0 °F


66.9 °F

96%

30.03 in


1.5 mi

ESE

10.4 mph


  -


0.24 in


Rain

Heavy Rain
  ||    ||  
9:52 AM

68.0 °F


66.9 °F

96%

29.99 in


2.0 mi

Variable

5.8 mph


  -


0.35 in


Rain

Heavy Rain
  ||    ||  
10:52 AM

68.0 °F


66.9 °F

96%

29.96 in


2.0 mi

ESE

5.8 mph


  -


0.34 in


Rain

Heavy Rain
  ||    ||  
11:52 AM

66.9 °F


66.9 °F

100%

29.92 in


1.2 mi

SE

6.9 mph


  -


0.36 in


Rain

Heavy Rain
  ||    ||  
12:52 PM

69.1 °F


66.0 °F

90%

29.87 in


4.0 mi

ESE

9.2 mph


  -


0.39 in


Rain

Rain
  ||    ||  
1:52 PM

68.0 °F


66.0 °F

93%

29.81 in


2.0 mi

ESE

8.1 mph


  -


0.29 in


Rain

Heavy Rain
  ||    ||  
2:52 PM

68.0 °F


66.0 °F

93%

29.72 in


4.0 mi

Variable

3.5 mph


  -


0.12 in


Rain

Rain
  ||    ||  
3:52 PM

68.0 °F


66.0 °F

93%

29.66 in


1.5 mi

Calm
Calm

  -


0.18 in


Rain

Heavy Rain
  ||    ||  
4:52 PM

68.0 °F


66.9 °F

96%

29.61 in


2.5 mi

SW

3.5 mph


  -


0.11 in


Rain

Rain
  ||    ||  
5:52 PM

68.0 °F


66.0 °F

93%

29.58 in


6.0 mi

West

6.9 mph


  -


0.13 in


Rain

Light Rain
  ||    ||  
6:52 PM

66.9 °F


66.0 °F

97%

29.57 in


3.0 mi

Variable

6.9 mph


  -


0.07 in


Rain

Rain
  ||    ||  
7:52 PM

66.9 °F


66.0 °F

97%

29.58 in


10.0 mi

West

8.1 mph


17.3 mph


0.04 in


Rain

Light Rain
  ||    ||  
9:52 PM

68.0 °F


66.0 °F

93%

29.67 in


10.0 mi

WSW

8.1 mph


  -


0.01 in


	 

Overcast
  ||    ||  
10:52 PM

68.0 °F


64.9 °F

90%

29.70 in


10.0 mi

WSW

5.8 mph


  -

N/A

	 

Overcast
  ||    ||  
11:52 PM

68.0 °F


64.9 °F

90%

29.74 in


10.0 mi

WSW

3.5 mph


  -

N/A

	 

Overcast
  ||  "
18	KAQW on 7/12/1996	"  ||  
12:52 AM

57.0 °F


  -


55.9 °F

96%

30.28 in


9.0 mi

Calm
Calm

  -

N/A

	 

Clear
  ||    ||  
1:52 AM

55.0 °F


  -


55.0 °F

100%

30.28 in


10.0 mi

Calm
Calm

  -

N/A

	 

Clear
  ||    ||  
3:52 AM

53.1 °F


  -


53.1 °F

100%

30.29 in


9.0 mi

Calm
Calm

  -

N/A

	 

Clear
  ||    ||  
4:52 AM

52.0 °F


  -


52.0 °F

100%

30.29 in


7.0 mi

Calm
Calm

  -

N/A

	 

Clear
  ||    ||  
5:52 AM

55.0 °F


  -


54.0 °F

96%

30.29 in


10.0 mi

ESE

5.8 mph


  -

N/A

	 

Clear
  ||    ||  
6:52 AM

55.0 °F


  -


55.0 °F

100%

30.29 in


6.0 mi

Calm
Calm

  -

N/A

	 

Clear
  ||    ||  
7:52 AM

60.1 °F


  -


57.0 °F

90%

30.30 in


10.0 mi

ESE

4.6 mph


  -

N/A

	 

Clear
  ||    ||  
8:52 AM

66.9 °F


  -


57.9 °F

73%

30.30 in


10.0 mi

East

5.8 mph


  -

N/A

	 

Clear
  ||    ||  
9:52 AM

72.0 °F


  -


61.0 °F

68%

30.29 in


10.0 mi

ESE

5.8 mph


  -

N/A

	 

Clear
  ||    ||  
10:52 AM

77.0 °F


  -


55.9 °F

48%

30.27 in


10.0 mi

Variable

6.9 mph


  -

N/A

	 

Clear
  ||    ||  
11:52 AM

78.1 °F


  -


55.0 °F

45%

30.26 in


10.0 mi

SW

8.1 mph


  -

N/A

	 

Clear
  ||    ||  
12:52 PM

79.0 °F


  -


55.0 °F

44%

30.25 in


10.0 mi

Variable

6.9 mph


  -

N/A

	 

Clear
  ||    ||  
1:52 PM

80.1 °F


80.1 °F


55.0 °F

42%

30.23 in


10.0 mi

SSW

11.5 mph


  -

N/A

	 

Partly Cloudy
  ||    ||  
2:52 PM

79.0 °F


  -


57.0 °F

47%

30.22 in


10.0 mi

South

8.1 mph


  -

N/A

	 

Mostly Cloudy
  ||    ||  
4:52 PM

80.1 °F


80.4 °F


57.0 °F

45%

30.21 in


10.0 mi

SSW

8.1 mph


  -

N/A

	 

Clear
  ||    ||  
5:52 PM

79.0 °F


  -


59.0 °F

50%

30.19 in


10.0 mi

Variable

5.8 mph


  -

N/A

	 

Scattered Clouds
  ||    ||  
6:52 PM

78.1 °F


  -


61.0 °F

56%

30.19 in


10.0 mi

SSW

9.2 mph


  -

N/A

	 

Overcast
  ||    ||  
7:52 PM

73.0 °F


  -


64.0 °F

73%

30.17 in


10.0 mi

SSE

3.5 mph


  -

N/A

	 

Scattered Clouds
  ||    ||  
8:52 PM

70.0 °F


  -


63.0 °F

78%

30.17 in


10.0 mi

Calm
Calm

  -

N/A

	 

Clear
  ||    ||  
9:52 PM

72.0 °F


  -


63.0 °F

73%

30.19 in


10.0 mi

Variable

5.8 mph


  -

N/A

	 

Scattered Clouds
  ||    ||  
10:52 PM

72.0 °F


  -


60.1 °F

66%

30.18 in


10.0 mi

East

8.1 mph


  -

N/A

	 

Clear
  ||    ||  
11:52 PM

68.0 °F


  -


61.0 °F

78%

30.17 in


10.0 mi

East

3.5 mph


  -

N/A

	 

Mostly Cloudy
  ||  "
19	KAQW on 7/11/1996	"  ||  
12:52 AM

61.0 °F


53.1 °F

75%

30.13 in


10.0 mi

WSW

8.1 mph


  -

N/A

	 

Scattered Clouds
  ||    ||  
1:52 AM

57.0 °F


54.0 °F

89%

30.16 in


10.0 mi

Calm
Calm

  -

N/A

	 

Scattered Clouds
  ||    ||  
2:52 AM

55.9 °F


54.0 °F

93%

30.17 in


10.0 mi

Calm
Calm

  -

N/A

	 

Mostly Cloudy
  ||    ||  
3:52 AM

54.0 °F


53.1 °F

97%

30.19 in


10.0 mi

Calm
Calm

  -

N/A

	 

Clear
  ||    ||  
4:52 AM

52.0 °F


52.0 °F

100%

30.20 in


10.0 mi

Calm
Calm

  -

N/A

	 

Clear
  ||    ||  
5:52 AM

52.0 °F


51.1 °F

97%

30.21 in


9.0 mi

East

3.5 mph


  -

N/A

	 

Clear
  ||    ||  
6:52 AM

55.9 °F


53.1 °F

90%

30.23 in


10.0 mi

Calm
Calm

  -

N/A

	 

Clear
  ||    ||  
7:52 AM

61.0 °F


55.0 °F

81%

30.24 in


10.0 mi

Calm
Calm

  -

N/A

	 

Clear
  ||    ||  
9:52 AM

68.0 °F


54.0 °F

61%

30.24 in


10.0 mi

SW

6.9 mph


  -

N/A

	 

Clear
  ||    ||  
10:52 AM

72.0 °F


52.0 °F

49%

30.24 in


10.0 mi

Variable

4.6 mph


  -

N/A

	 

Clear
  ||    ||  
11:52 AM

73.9 °F


51.1 °F

45%

30.25 in


10.0 mi

NNW

8.1 mph


  -

N/A

	 

Clear
  ||    ||  
1:52 PM

77.0 °F


51.1 °F

40%

30.24 in


10.0 mi

SW

11.5 mph


  -

N/A

	 

Partly Cloudy
  ||    ||  
2:52 PM

78.1 °F


50.0 °F

37%

30.24 in


10.0 mi

Variable

4.6 mph


  -

N/A

	 

Clear
  ||    ||  
3:52 PM

77.0 °F


51.1 °F

40%

30.24 in


10.0 mi

WSW

8.1 mph


  -

N/A

	 

Partly Cloudy
  ||    ||  
4:52 PM

77.0 °F


53.1 °F

43%

30.23 in


10.0 mi

WSW

5.8 mph


  -

N/A

	 

Clear
  ||    ||  
5:52 PM

75.0 °F


54.0 °F

48%

30.22 in


10.0 mi

SW

8.1 mph


  -

N/A

	 

Clear
  ||    ||  
6:52 PM

75.9 °F


55.9 °F

50%

30.22 in


10.0 mi

SW

5.8 mph


  -

N/A

	 

Clear
  ||    ||  
7:52 PM

72.0 °F


57.0 °F

59%

30.23 in


10.0 mi

Calm
Calm

  -

N/A

	 

Clear
  ||    ||  
8:52 PM

64.0 °F


60.1 °F

87%

30.25 in


10.0 mi

Calm
Calm

  -

N/A

	 

Clear
  ||    ||  
9:52 PM

61.0 °F


57.9 °F

90%

30.27 in


10.0 mi

Calm
Calm

  -

N/A

	 

Clear
  ||    ||  
10:52 PM

57.9 °F


57.9 °F

100%

30.27 in


8.0 mi

Calm
Calm

  -

N/A

	 

Clear
  ||    ||  
11:52 PM

57.9 °F


57.0 °F

97%

30.27 in


10.0 mi

Calm
Calm

  -

N/A

	 

Clear
  ||  "
20	KAQW on 7/10/1996	"  ||  
1:52 AM

63.0 °F


54.0 °F

72%

29.75 in


10.0 mi

West

11.5 mph


  -

N/A

	 

Clear
  ||    ||  
2:52 AM

61.0 °F


55.0 °F

81%

29.76 in


10.0 mi

WSW

13.8 mph


  -

N/A

	 

Clear
  ||    ||  
3:52 AM

60.1 °F


55.0 °F

83%

29.78 in


10.0 mi

Variable

4.6 mph


  -

N/A

	 

Clear
  ||    ||  
4:52 AM

59.0 °F


55.0 °F

87%

29.80 in


10.0 mi

WSW

6.9 mph


  -

N/A

	 

Partly Cloudy
  ||    ||  
7:52 AM

62.1 °F


55.9 °F

80%

29.84 in


10.0 mi

West

11.5 mph


18.4 mph

N/A

	 

Partly Cloudy
  ||    ||  
12:52 PM

71.1 °F


54.0 °F

55%

29.91 in


10.0 mi

West

12.7 mph


23.0 mph

N/A

	 

Mostly Cloudy
  ||    ||  
1:52 PM

70.0 °F


52.0 °F

53%

29.93 in


10.0 mi

WSW

11.5 mph


19.6 mph

N/A

	 

Mostly Cloudy
  ||    ||  
3:52 PM

71.1 °F


52.0 °F

51%

29.95 in


10.0 mi

West

10.4 mph


17.3 mph

N/A

	 

Mostly Cloudy
  ||    ||  
4:52 PM

72.0 °F


51.1 °F

48%

29.96 in


10.0 mi

West

11.5 mph


24.2 mph

N/A

	 

Clear
  ||    ||  
5:52 PM

72.0 °F


51.1 °F

48%

29.98 in


10.0 mi

West

11.5 mph


23.0 mph

N/A

	 

Mostly Cloudy
  ||    ||  
7:52 PM

66.9 °F


52.0 °F

59%

30.03 in


10.0 mi

WSW

9.2 mph


  -

N/A

	 

Mostly Cloudy
  ||    ||  
8:52 PM

66.0 °F


51.1 °F

59%

30.05 in


10.0 mi

West

10.4 mph


  -

N/A

	 

Overcast
  ||    ||  
9:52 PM

64.0 °F


52.0 °F

65%

30.08 in


10.0 mi

WSW

10.4 mph


  -

N/A

	 

Mostly Cloudy
  ||    ||  
10:52 PM

63.0 °F


52.0 °F

67%

30.10 in


10.0 mi

WSW

9.2 mph


  -

N/A

	 

Scattered Clouds
  ||    ||  
11:52 PM

62.1 °F


53.1 °F

72%

30.12 in


10.0 mi

West

5.8 mph


  -

N/A

	 

Overcast
  ||  "
21	KAQW on 7/9/1996	"  ||  
12:52 AM

66.9 °F


  -


64.9 °F

93%

29.62 in


9.0 mi

Calm
Calm

  -


0.00 in


	 

Mostly Cloudy
  ||    ||  
1:52 AM

66.0 °F


  -


64.0 °F

93%

29.62 in


10.0 mi

Calm
Calm

  -

N/A

	 

Mostly Cloudy
  ||    ||  
2:52 AM

64.9 °F


  -


64.9 °F

100%

29.62 in


7.0 mi

Calm
Calm

  -

N/A

	 

Mostly Cloudy
  ||    ||  
3:52 AM

64.0 °F


  -


64.0 °F

100%

29.62 in


5.0 mi

Calm
Calm

  -

N/A

	 

Clear
  ||    ||  
4:52 AM

62.1 °F


  -


62.1 °F

100%

29.62 in


3.0 mi

Calm
Calm

  -

N/A

	 

Clear
  ||    ||  
5:52 AM

62.1 °F


  -


62.1 °F

100%

29.62 in


6.0 mi

Calm
Calm

  -

N/A

	 

Clear
  ||    ||  
6:52 AM

63.0 °F


  -


63.0 °F

100%

29.65 in


4.0 mi

Calm
Calm

  -

N/A

	 

Partly Cloudy
  ||    ||  
7:52 AM

64.9 °F


  -


63.0 °F

93%

29.65 in


4.0 mi

Calm
Calm

  -

N/A

	 

Partly Cloudy
  ||    ||  
8:52 AM

70.0 °F


  -


63.0 °F

78%

29.65 in


10.0 mi

ENE

5.8 mph


  -

N/A

	 

Clear
  ||    ||  
9:52 AM

73.9 °F


  -


62.1 °F

66%

29.64 in


10.0 mi

Variable

3.5 mph


  -

N/A

	 

Clear
  ||    ||  
10:52 AM

78.1 °F


  -


61.0 °F

56%

29.64 in


10.0 mi

Calm
Calm

  -

N/A

	 

Clear
  ||    ||  
1:52 PM

84.0 °F


84.4 °F


61.0 °F

46%

29.60 in


10.0 mi

SW

8.1 mph


  -

N/A

	 

Partly Cloudy
  ||    ||  
6:52 PM

69.1 °F


  -


66.9 °F

93%

29.65 in


10.0 mi

NNW

3.5 mph


  -


0.01 in


	 

Overcast
  ||    ||  
7:52 PM

69.1 °F


  -


66.9 °F

93%

29.66 in


7.0 mi

West

5.8 mph


  -

N/A

	 

Partly Cloudy
  ||    ||  
8:52 PM

66.9 °F


  -


66.9 °F

100%

29.68 in


6.0 mi

Variable

4.6 mph


  -

N/A

	 

Partly Cloudy
  ||    ||  
9:52 PM

66.0 °F


  -


63.0 °F

90%

29.72 in


9.0 mi

SW

6.9 mph


  -

N/A

	 

Scattered Clouds
  ||    ||  
10:52 PM

64.9 °F


  -


59.0 °F

81%

29.73 in


10.0 mi

SSW

5.8 mph


  -

N/A

	 

Mostly Cloudy
  ||    ||  
11:52 PM

63.0 °F


  -


57.0 °F

81%

29.73 in


10.0 mi

SW

6.9 mph


  -

N/A

	 

Overcast
  ||  "
22	KAQW on 7/8/1996	"  ||  
12:52 AM

69.1 °F


  -


64.9 °F

87%

29.73 in


6.0 mi

Calm
Calm

  -

N/A

	 

Clear
  ||    ||  
1:52 AM

66.9 °F


  -


63.0 °F

87%

29.72 in


5.0 mi

Calm
Calm

  -

N/A

	 

Clear
  ||    ||  
2:52 AM

68.0 °F


  -


63.0 °F

84%

29.69 in


5.0 mi

East

6.9 mph


  -

N/A

	 

Haze
  ||    ||  
3:52 AM

66.9 °F


  -


63.0 °F

87%

29.69 in


5.0 mi

SE

5.8 mph


  -

N/A

	 

Clear
  ||    ||  
4:52 AM

66.9 °F


  -


63.0 °F

87%

29.67 in


5.0 mi

ESE

6.9 mph


  -

N/A

	 

Clear
  ||    ||  
5:52 AM

66.0 °F


  -


63.0 °F

90%

29.68 in


3.0 mi

SE

5.8 mph


  -

N/A

	 

Partly Cloudy
  ||    ||  
6:52 AM

70.0 °F


  -


64.0 °F

81%

29.69 in


4.0 mi

East

6.9 mph


  -


0.00 in


Rain

Light Rain
  ||    ||  
7:52 AM

69.1 °F


  -


64.9 °F

87%

29.68 in


2.0 mi

SE

3.5 mph


  -


0.01 in


	 

Overcast
  ||    ||  
8:52 AM

73.0 °F


  -


66.0 °F

79%

29.68 in


3.0 mi

East

8.1 mph


  -

N/A

	 

Haze
  ||    ||  
9:52 AM

77.0 °F


  -


66.9 °F

71%

29.67 in


4.0 mi

Variable

4.6 mph


  -

N/A

	 

Haze
  ||    ||  
11:52 AM

84.0 °F


87.0 °F


68.0 °F

58%

29.63 in


7.0 mi

SW

6.9 mph


  -

N/A

	 

Scattered Clouds
  ||    ||  
1:52 PM

86.0 °F


88.8 °F


66.9 °F

53%

29.61 in


8.0 mi

WSW

10.4 mph


  -

N/A

	 

Scattered Clouds
  ||    ||  
2:52 PM

75.0 °F


  -


72.0 °F

90%

29.62 in


1.2 mi

South

13.8 mph


  -


0.10 in


Rain

Heavy Rain
  ||    ||  
3:52 PM

81.0 °F


85.8 °F


73.0 °F

77%

29.61 in


5.0 mi

SW

5.8 mph


  -


0.00 in


	 

Haze
  ||    ||  
4:52 PM

81.0 °F


84.9 °F


71.1 °F

72%

29.61 in


4.0 mi

Variable

5.8 mph


  -

N/A

	 

Haze
  ||    ||  
5:52 PM

81.0 °F


84.1 °F


69.1 °F

67%

29.59 in


5.0 mi

Variable

5.8 mph


  -


0.01 in


	 

Haze
  ||    ||  
6:52 PM

79.0 °F


  -


69.1 °F

72%

29.60 in


5.0 mi

Calm
Calm

  -

N/A

	 

Haze
  ||    ||  
7:52 PM

75.9 °F


  -


70.0 °F

82%

29.61 in


4.0 mi

SSW

3.5 mph


  -

N/A

	 

Haze
  ||    ||  
8:52 PM

73.0 °F


  -


68.0 °F

84%

29.63 in


5.0 mi

WSW

3.5 mph


  -

N/A

	 

Haze
  ||    ||  
9:52 PM

71.1 °F


  -


66.0 °F

84%

29.63 in


6.0 mi

Calm
Calm

  -

N/A

	 

Haze
  ||    ||  
10:52 PM

71.1 °F


  -


64.9 °F

81%

29.62 in


8.0 mi

West

4.6 mph


  -

N/A

	 

Mostly Cloudy
  ||    ||  
11:52 PM

69.1 °F


  -


64.9 °F

87%

29.63 in


2.5 mi

Variable

3.5 mph


  -


0.03 in


Rain

Heavy Rain
  ||  "
23	KAQW on 7/7/1996	"  ||  
12:52 AM

60.1 °F


55.9 °F

86%

29.94 in


10.0 mi

Calm
Calm

  -

N/A

	 

Clear
  ||    ||  
1:52 AM

57.9 °F


55.9 °F

93%

29.94 in


9.0 mi

Calm
Calm

  -

N/A

	 

Clear
  ||    ||  
2:52 AM

55.9 °F


44.1 °F

64%

29.94 in


9.0 mi

Calm
Calm

  -

N/A

	 

Clear
  ||    ||  
3:52 AM

55.9 °F


32.0 °F

40%

29.93 in


7.0 mi

Calm
Calm

  -

N/A

	 

Clear
  ||    ||  
4:52 AM

55.9 °F


30.9 °F

39%

29.94 in


6.0 mi

Calm
Calm

  -

N/A

	 

Haze
  ||    ||  
5:52 AM

55.0 °F


30.0 °F

38%

29.95 in


6.0 mi

Calm
Calm

  -

N/A

	 

Haze
  ||    ||  
6:52 AM

59.0 °F


30.0 °F

33%

29.94 in


10.0 mi

East

3.5 mph


  -

N/A

	 

Clear
  ||    ||  
7:52 AM

64.0 °F


28.0 °F

26%

29.94 in


10.0 mi

Calm
Calm

  -

N/A

	 

Clear
  ||    ||  
8:52 AM

69.1 °F


27.0 °F

21%

29.93 in


10.0 mi

Calm
Calm

  -

N/A

	 

Mostly Cloudy
  ||    ||  
9:52 AM

71.1 °F


26.1 °F

19%

29.92 in


10.0 mi

Calm
Calm

  -

N/A

	 

Overcast
  ||    ||  
10:52 AM

  -


  -

N/A%

29.90 in


10.0 mi

Variable

3.5 mph


  -

N/A

	 

Scattered Clouds
  ||    ||  
11:52 AM

  -


  -

N/A%

29.90 in


10.0 mi

ENE

3.5 mph


  -

N/A

	 

Mostly Cloudy
  ||    ||  
12:52 PM

  -


  -

N/A%

29.86 in


10.0 mi

Variable

4.6 mph


  -

N/A

	 

Clear
  ||    ||  
1:52 PM

  -


  -

N/A%

29.85 in


10.0 mi

SSW

3.5 mph


  -

N/A

	 

Scattered Clouds
  ||    ||  
2:52 PM

  -


  -

N/A%

29.82 in


10.0 mi

Calm
Calm

  -

N/A

	 

Clear
  ||    ||  
3:52 PM

  -


  -

N/A%

29.80 in


10.0 mi

North

4.6 mph


  -

N/A

	 

Mostly Cloudy
  ||    ||  
4:52 PM

  -


  -

N/A%

29.79 in


10.0 mi

South

10.4 mph


  -

N/A

	 

Partly Cloudy
  ||    ||  
5:52 PM

  -


  -

N/A%

29.77 in


10.0 mi

Calm
Calm

  -

N/A

	 

Clear
  ||    ||  
6:52 PM

  -


  -

N/A%

29.76 in


10.0 mi

Variable

3.5 mph


  -

N/A

	 

Clear
  ||    ||  
7:52 PM

  -


  -

N/A%

29.76 in


9.0 mi

Variable

4.6 mph


  -

N/A

	 

Clear
  ||    ||  
8:52 PM

  -


  -

N/A%

29.76 in


9.0 mi

Variable

4.6 mph


  -

N/A

	 

Scattered Clouds
  ||    ||  
9:52 PM

  -


  -

N/A%

29.76 in


8.0 mi

ENE

4.6 mph


  -

N/A

	 

Clear
  ||    ||  
10:52 PM

73.0 °F


  -

N/A%

29.74 in


7.0 mi

Calm
Calm

  -

N/A

	 

Scattered Clouds
  ||    ||  
11:52 PM

71.1 °F


66.0 °F

84%

29.74 in


6.0 mi

Variable

3.5 mph


  -

N/A

	 

Haze
  ||  "
24	KAQW on 7/6/1996	"  ||  
12:52 AM

55.9 °F


  -


54.0 °F

93%

29.97 in


10.0 mi

Calm
Calm

  -

N/A

	 

Clear
  ||    ||  
1:52 AM

55.0 °F


  -


52.0 °F

89%

29.96 in


10.0 mi

Calm
Calm

  -

N/A

	 

Clear
  ||    ||  
2:52 AM

54.0 °F


  -


52.0 °F

93%

29.96 in


10.0 mi

Calm
Calm

  -

N/A

	 

Clear
  ||    ||  
3:52 AM

53.1 °F


  -


51.1 °F

93%

29.96 in


10.0 mi

Calm
Calm

  -

N/A

	 

Clear
  ||    ||  
4:52 AM

52.0 °F


  -


51.1 °F

97%

29.96 in


10.0 mi

Calm
Calm

  -

N/A

	 

Clear
  ||    ||  
5:52 AM

52.0 °F


  -


51.1 °F

97%

29.96 in


10.0 mi

Calm
Calm

  -

N/A

	 

Clear
  ||    ||  
6:52 AM

54.0 °F


  -


52.0 °F

93%

29.97 in


10.0 mi

Calm
Calm

  -

N/A

	 

Clear
  ||    ||  
7:52 AM

55.9 °F


  -


54.0 °F

93%

29.96 in


10.0 mi

Calm
Calm

  -

N/A

	 

Clear
  ||    ||  
8:52 AM

59.0 °F


  -


55.9 °F

90%

29.96 in


10.0 mi

Calm
Calm

  -

N/A

	 

Clear
  ||    ||  
9:52 AM

69.1 °F


  -


60.1 °F

73%

29.94 in


10.0 mi

Variable

3.5 mph


  -

N/A

	 

Clear
  ||    ||  
10:52 AM

77.0 °F


  -


54.0 °F

45%

29.91 in


10.0 mi

West

10.4 mph


  -

N/A

	 

Clear
  ||    ||  
11:52 AM

81.0 °F


81.0 °F


57.0 °F

44%

29.89 in


10.0 mi

West

10.4 mph


  -

N/A

	 

Clear
  ||    ||  
12:52 PM

82.0 °F


82.0 °F


57.9 °F

44%

29.88 in


10.0 mi

WSW

12.7 mph


18.4 mph

N/A

	 

Clear
  ||    ||  
1:52 PM

82.9 °F


83.2 °F


60.1 °F

46%

29.86 in


10.0 mi

West

11.5 mph


20.7 mph

N/A

	 

Clear
  ||    ||  
2:52 PM

81.0 °F


81.7 °F


61.0 °F

50%

29.85 in


10.0 mi

West

9.2 mph


  -

N/A

	 

Overcast
  ||    ||  
3:52 PM

80.1 °F


81.2 °F


62.1 °F

54%

29.85 in


10.0 mi

West

10.4 mph


  -

N/A

	 

Overcast
  ||    ||  
4:52 PM

77.0 °F


  -


62.1 °F

60%

29.87 in


10.0 mi

West

6.9 mph


  -


0.00 in


	 

Overcast
  ||    ||  
5:52 PM

75.0 °F


  -


62.1 °F

64%

29.88 in


10.0 mi

West

8.1 mph


  -


0.00 in


	 

Overcast
  ||    ||  
6:52 PM

75.9 °F


  -


62.1 °F

62%

29.89 in


10.0 mi

West

5.8 mph


  -

N/A

	 

Overcast
  ||    ||  
7:52 PM

73.9 °F


  -


63.0 °F

68%

29.91 in


10.0 mi

West

4.6 mph


  -

N/A

	 

Overcast
  ||    ||  
8:52 PM

73.9 °F


  -


62.1 °F

66%

29.91 in


10.0 mi

WSW

8.1 mph


  -

N/A

	 

Overcast
  ||    ||  
9:52 PM

72.0 °F


  -


62.1 °F

71%

29.92 in


10.0 mi

West

6.9 mph


  -

N/A

	 

Overcast
  ||    ||  
10:52 PM

70.0 °F


  -


60.1 °F

71%

29.92 in


10.0 mi

WSW

8.1 mph


  -

N/A

	 

Clear
  ||    ||  
11:52 PM

66.0 °F


  -


57.9 °F

75%

29.94 in


10.0 mi

Calm
Calm

  -

N/A

	 

Clear
  ||  "
25	KAQW on 7/5/1996	"  ||  
12:52 AM

63.0 °F


57.9 °F

84%

29.67 in


10.0 mi

West

8.1 mph


  -

N/A

	 

Scattered Clouds
  ||    ||  
1:52 AM

62.1 °F


57.0 °F

84%

29.67 in


10.0 mi

West

10.4 mph


  -

N/A

	 

Scattered Clouds
  ||    ||  
2:52 AM

63.0 °F


57.0 °F

81%

29.68 in


10.0 mi

WSW

9.2 mph


  -

N/A

	 

Mostly Cloudy
  ||    ||  
3:52 AM

62.1 °F


55.0 °F

78%

29.70 in


10.0 mi

West

6.9 mph


  -

N/A

	 

Clear
  ||    ||  
4:52 AM

61.0 °F


55.0 °F

81%

29.73 in


10.0 mi

West

9.2 mph


  -

N/A

	 

Clear
  ||    ||  
6:52 AM

63.0 °F


54.0 °F

72%

29.79 in


10.0 mi

West

10.4 mph


  -

N/A

	 

Clear
  ||    ||  
7:52 AM

66.0 °F


55.0 °F

68%

29.82 in


10.0 mi

West

6.9 mph


  -

N/A

	 

Clear
  ||    ||  
10:52 AM

72.0 °F


54.0 °F

53%

29.86 in


10.0 mi

West

13.8 mph


21.9 mph

N/A

	 

Clear
  ||    ||  
11:52 AM

73.9 °F


55.9 °F

53%

29.87 in


10.0 mi

West

11.5 mph


19.6 mph

N/A

	 

Clear
  ||    ||  
12:52 PM

75.0 °F


54.0 °F

48%

29.87 in


10.0 mi

West

13.8 mph


20.7 mph

N/A

	 

Clear
  ||    ||  
1:52 PM

77.0 °F


54.0 °F

45%

29.88 in


10.0 mi

WNW

10.4 mph


17.3 mph

N/A

	 

Clear
  ||    ||  
2:52 PM

78.1 °F


54.0 °F

43%

29.88 in


10.0 mi

Variable

6.9 mph


17.3 mph

N/A

	 

Partly Cloudy
  ||    ||  
3:52 PM

77.0 °F


54.0 °F

45%

29.90 in


10.0 mi

West

10.4 mph


23.0 mph

N/A

	 

Clear
  ||    ||  
4:52 PM

77.0 °F


55.0 °F

47%

29.90 in


10.0 mi

West

13.8 mph


19.6 mph

N/A

	 

Partly Cloudy
  ||    ||  
5:52 PM

75.9 °F


55.0 °F

48%

29.91 in


10.0 mi

West

12.7 mph


19.6 mph

N/A

	 

Clear
  ||    ||  
6:52 PM

75.0 °F


53.1 °F

46%

29.92 in


10.0 mi

West

10.4 mph


  -

N/A

	 

Clear
  ||    ||  
7:52 PM

71.1 °F


54.0 °F

55%

29.94 in


10.0 mi

Variable

4.6 mph


  -

N/A

	 

Clear
  ||    ||  
8:52 PM

64.9 °F


57.0 °F

75%

29.95 in


10.0 mi

Variable

3.5 mph


  -

N/A

	 

Clear
  ||    ||  
9:52 PM

64.0 °F


55.9 °F

75%

29.96 in


10.0 mi

NW

4.6 mph


  -

N/A

	 

Clear
  ||    ||  
10:52 PM

61.0 °F


55.9 °F

83%

29.98 in


10.0 mi

Calm
Calm

  -

N/A

	 

Clear
  ||    ||  
11:52 PM

59.0 °F


55.0 °F

87%

29.98 in


10.0 mi

Calm
Calm

  -

N/A

	 

Clear
  ||  "
26	KAQW on 7/4/1996	"  ||  
12:52 AM

64.0 °F


63.0 °F

96%

29.49 in


2.5 mi

Variable

3.5 mph


  -


0.02 in


Rain

Light Rain
  ||    ||  
1:52 AM

63.0 °F


62.1 °F

97%

29.49 in


6.0 mi

Variable

3.5 mph


  -


0.03 in


Rain

Light Rain
  ||    ||  
2:52 AM

63.0 °F


62.1 °F

97%

29.49 in


6.0 mi

WSW

3.5 mph


  -


0.03 in


Rain

Light Rain
  ||    ||  
3:52 AM

63.0 °F


62.1 °F

97%

29.49 in


6.0 mi

Calm
Calm

  -


0.03 in


Rain

Light Rain
  ||    ||  
4:52 AM

63.0 °F


62.1 °F

97%

29.49 in


4.0 mi

Calm
Calm

  -


0.03 in


Rain

Light Rain
  ||    ||  
5:52 AM

62.1 °F


61.0 °F

96%

29.49 in


1.8 mi

NNW

3.5 mph


  -


0.18 in


Rain

Heavy Rain
  ||    ||  
6:52 AM

62.1 °F


61.0 °F

96%

29.49 in


10.0 mi

Calm
Calm

  -


0.08 in


Rain

Light Rain
  ||    ||  
7:52 AM

63.0 °F


61.0 °F

93%

29.50 in


10.0 mi

West

4.6 mph


  -


0.04 in


Rain

Light Rain
  ||    ||  
8:52 AM

63.0 °F


61.0 °F

93%

29.51 in


4.0 mi

West

4.6 mph


  -


0.18 in


Rain

Light Rain
  ||    ||  
9:52 AM

64.9 °F


62.1 °F

90%

29.52 in


10.0 mi

NNW

3.5 mph


  -


0.00 in


	 

Overcast
  ||    ||  
10:52 AM

66.0 °F


60.1 °F

81%

29.52 in


10.0 mi

WSW

8.1 mph


  -

N/A

	 

Overcast
  ||    ||  
11:52 AM

66.9 °F


60.1 °F

79%

29.52 in


10.0 mi

WSW

8.1 mph


  -

N/A

	 

Overcast
  ||    ||  
12:52 PM

64.9 °F


62.1 °F

90%

29.53 in


3.0 mi

Variable

5.8 mph


  -


0.02 in


Rain

Light Rain
  ||    ||  
2:52 PM

64.0 °F


60.1 °F

87%

29.55 in


10.0 mi

West

9.2 mph


  -


0.00 in


Rain

Light Rain
  ||    ||  
3:52 PM

63.0 °F


61.0 °F

93%

29.55 in


4.0 mi

West

9.2 mph


  -


0.01 in


Rain

Light Rain
  ||    ||  
4:52 PM

64.0 °F


60.1 °F

87%

29.54 in


10.0 mi

WSW

11.5 mph


  -


0.01 in


Rain

Light Rain
  ||    ||  
5:52 PM

64.0 °F


59.0 °F

84%

29.55 in


10.0 mi

West

12.7 mph


  -


0.01 in


	 

Overcast
  ||    ||  
6:52 PM

63.0 °F


60.1 °F

90%

29.57 in


5.0 mi

WSW

8.1 mph


  -


0.00 in


Rain

Light Rain
  ||    ||  
7:52 PM

63.0 °F


60.1 °F

90%

29.59 in


10.0 mi

Variable

3.5 mph


  -


0.00 in


	 

Overcast
  ||    ||  
8:52 PM

63.0 °F


60.1 °F

90%

29.61 in


7.0 mi

WSW

9.2 mph


  -


0.07 in


Rain

Light Rain
  ||    ||  
9:52 PM

63.0 °F


60.1 °F

90%

29.63 in


10.0 mi

WSW

6.9 mph


  -


0.02 in


	 

Overcast
  ||    ||  
10:52 PM

62.1 °F


59.0 °F

90%

29.65 in


10.0 mi

West

9.2 mph


  -

N/A

	 

Overcast
  ||    ||  
11:52 PM

64.0 °F


57.9 °F

80%

29.66 in


10.0 mi

West

6.9 mph


  -

N/A

	 

Overcast
  ||  "
27	KAQW on 7/3/1996	"  ||  
12:52 AM

59.0 °F


57.0 °F

93%

29.65 in


10.0 mi

ESE

3.5 mph


  -

N/A

	 

Clear
  ||    ||  
1:52 AM

59.0 °F


55.9 °F

90%

29.63 in


10.0 mi

Calm
Calm

  -

N/A

	 

Clear
  ||    ||  
2:52 AM

57.9 °F


57.0 °F

97%

29.62 in


10.0 mi

SW

3.5 mph


  -

N/A

	 

Clear
  ||    ||  
5:52 AM

62.1 °F


59.0 °F

90%

29.65 in


2.5 mi

South

9.2 mph


  -

N/A

Rain

Heavy Rain
  ||    ||  
6:52 AM

61.0 °F


60.1 °F

97%

29.60 in


4.0 mi

Calm
Calm

  -

N/A

Rain

Light Rain
  ||    ||  
7:52 AM

63.0 °F


61.0 °F

93%

29.58 in


10.0 mi

Calm
Calm

  -

N/A

	 

Clear
  ||    ||  
8:52 AM

66.9 °F


62.1 °F

84%

29.57 in


10.0 mi

Variable

3.5 mph


  -

N/A

	 

Partly Cloudy
  ||    ||  
9:52 AM

70.0 °F


63.0 °F

78%

29.55 in


10.0 mi

Calm
Calm

  -

N/A

	 

Partly Cloudy
  ||    ||  
11:52 AM

75.9 °F


63.0 °F

64%

29.54 in


10.0 mi

ENE

6.9 mph


  -

N/A

	 

Scattered Clouds
  ||    ||  
12:52 PM

75.0 °F


63.0 °F

66%

29.53 in


10.0 mi

East

9.2 mph


  -

N/A

	 

Overcast
  ||    ||  
1:52 PM

75.0 °F


64.0 °F

69%

29.52 in


10.0 mi

Variable

6.9 mph


  -

N/A

	 

Scattered Clouds
  ||    ||  
2:52 PM

75.0 °F


63.0 °F

66%

29.52 in


10.0 mi

Calm
Calm

  -

N/A

	 

Overcast
  ||    ||  
3:52 PM

71.1 °F


66.0 °F

84%

29.52 in


10.0 mi

WSW

5.8 mph


  -

N/A

Rain

Light Rain
  ||    ||  
4:52 PM

66.9 °F


64.0 °F

90%

29.51 in


6.0 mi

SSW

6.9 mph


  -

N/A

Rain

Light Rain
  ||    ||  
5:52 PM

66.0 °F


63.0 °F

90%

29.51 in


1.5 mi

WSW

8.1 mph


  -


0.07 in


Rain

Heavy Rain
  ||    ||  
6:52 PM

64.9 °F


64.0 °F

97%

29.53 in


2.0 mi

Calm
Calm

  -


0.41 in


Rain

Rain
  ||    ||  
7:52 PM

64.9 °F


63.0 °F

93%

29.53 in


3.0 mi

WSW

4.6 mph


  -


0.05 in


Rain

Rain
  ||    ||  
8:52 PM

64.0 °F


63.0 °F

96%

29.54 in


5.0 mi

Calm
Calm

  -


0.05 in


Rain

Light Rain
  ||    ||  
9:52 PM

63.0 °F


62.1 °F

97%

29.53 in


5.0 mi

Calm
Calm

  -


0.06 in


Rain

Light Rain
  ||    ||  
10:52 PM

63.0 °F


62.1 °F

97%

29.52 in


5.0 mi

Calm
Calm

  -


0.00 in


Rain

Light Rain
  ||    ||  
11:52 PM

63.0 °F


62.1 °F

97%

29.51 in


4.0 mi

West

4.6 mph


  -


0.01 in


	 

Overcast
  ||  "
28	KAQW on 7/2/1996	"  ||  
12:52 AM

61.0 °F


  -


55.0 °F

81%

29.85 in


10.0 mi

Calm
Calm

  -

N/A

	 

Clear
  ||    ||  
1:52 AM

57.9 °F


  -


54.0 °F

87%

29.85 in


10.0 mi

Calm
Calm

  -

N/A

	 

Clear
  ||    ||  
2:52 AM

55.0 °F


  -


53.1 °F

93%

29.84 in


10.0 mi

Calm
Calm

  -

N/A

	 

Clear
  ||    ||  
3:52 AM

54.0 °F


  -


53.1 °F

97%

29.84 in


10.0 mi

Calm
Calm

  -

N/A

	 

Clear
  ||    ||  
4:52 AM

53.1 °F


  -


52.0 °F

96%

29.85 in


9.0 mi

Calm
Calm

  -

N/A

	 

Clear
  ||    ||  
5:52 AM

54.0 °F


  -


53.1 °F

97%

29.85 in


8.0 mi

Calm
Calm

  -

N/A

	 

Clear
  ||    ||  
8:52 AM

66.0 °F


  -


57.0 °F

73%

29.83 in


10.0 mi

Calm
Calm

  -

N/A

	 

Clear
  ||    ||  
9:52 AM

72.0 °F


  -


57.9 °F

61%

29.82 in


10.0 mi

Calm
Calm

  -

N/A

	 

Clear
  ||    ||  
10:52 AM

73.9 °F


  -


59.0 °F

59%

29.81 in


10.0 mi

NNW

6.9 mph


  -

N/A

	 

Clear
  ||    ||  
11:52 AM

78.1 °F


  -


62.1 °F

58%

29.79 in


10.0 mi

Variable

3.5 mph


  -

N/A

	 

Clear
  ||    ||  
12:52 PM

80.1 °F


80.9 °F


60.1 °F

50%

29.76 in


10.0 mi

WSW

4.6 mph


  -

N/A

	 

Clear
  ||    ||  
1:52 PM

82.0 °F


82.1 °F


59.0 °F

45%

29.75 in


10.0 mi

NNW

9.2 mph


  -

N/A

	 

Scattered Clouds
  ||    ||  
2:52 PM

82.9 °F


82.1 °F


55.9 °F

39%

29.73 in


10.0 mi

WSW

8.1 mph


  -

N/A

	 

Clear
  ||    ||  
3:52 PM

82.0 °F


81.6 °F


55.9 °F

41%

29.72 in


10.0 mi

WNW

6.9 mph


  -

N/A

	 

Clear
  ||    ||  
4:52 PM

82.9 °F


82.1 °F


55.9 °F

39%

29.70 in


10.0 mi

Variable

3.5 mph


  -

N/A

	 

Clear
  ||    ||  
6:52 PM

80.1 °F


80.4 °F


57.0 °F

45%

29.68 in


10.0 mi

Calm
Calm

  -

N/A

	 

Clear
  ||    ||  
8:52 PM

66.9 °F


  -


60.1 °F

79%

29.68 in


10.0 mi

Calm
Calm

  -

N/A

	 

Clear
  ||    ||  
10:52 PM

61.0 °F


  -


59.0 °F

93%

29.69 in


10.0 mi

Calm
Calm

  -

N/A

	 

Clear
  ||    ||  
11:52 PM

60.1 °F


  -


57.0 °F

90%

29.67 in


10.0 mi

Calm
Calm

  -

N/A

	 

Clear
  ||  "
29	KAQW on 7/1/1996	"  ||  
3:52 AM

64.0 °F


  -


62.1 °F

93%

29.86 in


6.0 mi

Calm
Calm

  -

N/A

	 

Overcast
  ||    ||  
4:52 AM

63.0 °F


  -


62.1 °F

97%

29.86 in


5.0 mi

Calm
Calm

  -

N/A

	 

Overcast
  ||    ||  
5:25 AM

62.6 °F


  -


60.8 °F

94%

29.86 in


5.0 mi

Calm
Calm

  -

N/A

	 

Scattered Clouds
  ||    ||  
5:35 AM

62.6 °F


  -


60.8 °F

94%

29.86 in


3.0 mi

Calm
Calm

  -

N/A

	 

Mostly Cloudy
  ||    ||  
5:52 AM

62.1 °F


  -


60.1 °F

93%

29.87 in


3.0 mi

Calm
Calm

  -

N/A

	 

Overcast
  ||    ||  
6:16 AM

62.6 °F


  -


60.8 °F

94%

29.87 in


2.5 mi

Calm
Calm

  -

N/A

	 

Overcast
  ||    ||  
6:33 AM

62.6 °F


  -


60.8 °F

94%

29.87 in


3.0 mi

Calm
Calm

  -

N/A

	 

Overcast
  ||    ||  
6:52 AM

63.0 °F


  -


62.1 °F

97%

29.88 in


3.0 mi

Calm
Calm

  -

N/A

	 

Mostly Cloudy
  ||    ||  
7:07 AM

64.4 °F


  -


62.6 °F

94%

29.88 in


2.5 mi

Calm
Calm

  -

N/A

	 

Overcast
  ||    ||  
7:34 AM

66.2 °F


  -


62.6 °F

88%

29.88 in


5.0 mi

Calm
Calm

  -

N/A

	 

Scattered Clouds
  ||    ||  
7:52 AM

68.0 °F


  -


63.0 °F

84%

29.88 in


5.0 mi

Calm
Calm

  -

N/A

	 

Haze
  ||    ||  
8:52 AM

71.1 °F


  -


64.9 °F

81%

29.87 in


9.0 mi

Variable

3.5 mph


  -

N/A

	 

Clear
  ||    ||  
9:52 AM

75.9 °F


  -


64.9 °F

69%

29.86 in


10.0 mi

Variable

4.6 mph


  -

N/A

	 

Partly Cloudy
  ||    ||  
10:52 AM

78.1 °F


  -


64.0 °F

62%

29.86 in


10.0 mi

WSW

11.5 mph


  -

N/A

	 

Clear
  ||    ||  
1:52 PM

82.9 °F


83.3 °F


61.0 °F

47%

29.83 in


10.0 mi

West

10.4 mph


19.6 mph

N/A

	 

Partly Cloudy
  ||    ||  
3:52 PM

84.9 °F


85.4 °F


62.1 °F

46%

29.80 in


10.0 mi

WSW

11.5 mph


  -

N/A

	 

Scattered Clouds
  ||    ||  
4:52 PM

84.9 °F


85.9 °F


63.0 °F

48%

29.79 in


10.0 mi

West

9.2 mph


16.1 mph

N/A

	 

Partly Cloudy
  ||    ||  
6:52 PM

81.0 °F


81.1 °F


57.9 °F

45%

29.80 in


10.0 mi

Variable

5.8 mph


  -

N/A

	 

Clear
  ||    ||  
8:52 PM

70.0 °F


  -


57.9 °F

65%

29.83 in


10.0 mi

Variable

3.5 mph


  -

N/A

	 

Clear
  ||    ||  
10:52 PM

66.9 °F


  -


55.0 °F

66%

29.85 in


10.0 mi

West

6.9 mph


  -

N/A

	 

Clear
  ||    ||  
11:52 PM

63.0 °F


  -


54.0 °F

72%

29.84 in


10.0 mi

Calm
Calm

  -

N/A

	 

Clear
  ||  "
